期間,幣別,匯率
1960-01-01,歐元USD/EUR,NA
1960-02-01,歐元USD/EUR,NA
1960-03-01,歐元USD/EUR,NA
1960-04-01,歐元USD/EUR,NA
1960-05-01,歐元USD/EUR,NA
1960-06-01,歐元USD/EUR,NA
1960-07-01,歐元USD/EUR,NA
1960-08-01,歐元USD/EUR,NA
1960-09-01,歐元USD/EUR,NA
1960-10-01,歐元USD/EUR,NA
1960-11-01,歐元USD/EUR,NA
1960-12-01,歐元USD/EUR,NA
1961-01-01,歐元USD/EUR,NA
1961-02-01,歐元USD/EUR,NA
1961-03-01,歐元USD/EUR,NA
1961-04-01,歐元USD/EUR,NA
1961-05-01,歐元USD/EUR,NA
1961-06-01,歐元USD/EUR,NA
1961-07-01,歐元USD/EUR,NA
1961-08-01,歐元USD/EUR,NA
1961-09-01,歐元USD/EUR,NA
1961-10-01,歐元USD/EUR,NA
1961-11-01,歐元USD/EUR,NA
1961-12-01,歐元USD/EUR,NA
1962-01-01,歐元USD/EUR,NA
1962-02-01,歐元USD/EUR,NA
1962-03-01,歐元USD/EUR,NA
1962-04-01,歐元USD/EUR,NA
1962-05-01,歐元USD/EUR,NA
1962-06-01,歐元USD/EUR,NA
1962-07-01,歐元USD/EUR,NA
1962-08-01,歐元USD/EUR,NA
1962-09-01,歐元USD/EUR,NA
1962-10-01,歐元USD/EUR,NA
1962-11-01,歐元USD/EUR,NA
1962-12-01,歐元USD/EUR,NA
1963-01-01,歐元USD/EUR,NA
1963-02-01,歐元USD/EUR,NA
1963-03-01,歐元USD/EUR,NA
1963-04-01,歐元USD/EUR,NA
1963-05-01,歐元USD/EUR,NA
1963-06-01,歐元USD/EUR,NA
1963-07-01,歐元USD/EUR,NA
1963-08-01,歐元USD/EUR,NA
1963-09-01,歐元USD/EUR,NA
1963-10-01,歐元USD/EUR,NA
1963-11-01,歐元USD/EUR,NA
1963-12-01,歐元USD/EUR,NA
1964-01-01,歐元USD/EUR,NA
1964-02-01,歐元USD/EUR,NA
1964-03-01,歐元USD/EUR,NA
1964-04-01,歐元USD/EUR,NA
1964-05-01,歐元USD/EUR,NA
1964-06-01,歐元USD/EUR,NA
1964-07-01,歐元USD/EUR,NA
1964-08-01,歐元USD/EUR,NA
1964-09-01,歐元USD/EUR,NA
1964-10-01,歐元USD/EUR,NA
1964-11-01,歐元USD/EUR,NA
1964-12-01,歐元USD/EUR,NA
1965-01-01,歐元USD/EUR,NA
1965-02-01,歐元USD/EUR,NA
1965-03-01,歐元USD/EUR,NA
1965-04-01,歐元USD/EUR,NA
1965-05-01,歐元USD/EUR,NA
1965-06-01,歐元USD/EUR,NA
1965-07-01,歐元USD/EUR,NA
1965-08-01,歐元USD/EUR,NA
1965-09-01,歐元USD/EUR,NA
1965-10-01,歐元USD/EUR,NA
1965-11-01,歐元USD/EUR,NA
1965-12-01,歐元USD/EUR,NA
1966-01-01,歐元USD/EUR,NA
1966-02-01,歐元USD/EUR,NA
1966-03-01,歐元USD/EUR,NA
1966-04-01,歐元USD/EUR,NA
1966-05-01,歐元USD/EUR,NA
1966-06-01,歐元USD/EUR,NA
1966-07-01,歐元USD/EUR,NA
1966-08-01,歐元USD/EUR,NA
1966-09-01,歐元USD/EUR,NA
1966-10-01,歐元USD/EUR,NA
1966-11-01,歐元USD/EUR,NA
1966-12-01,歐元USD/EUR,NA
1967-01-01,歐元USD/EUR,NA
1967-02-01,歐元USD/EUR,NA
1967-03-01,歐元USD/EUR,NA
1967-04-01,歐元USD/EUR,NA
1967-05-01,歐元USD/EUR,NA
1967-06-01,歐元USD/EUR,NA
1967-07-01,歐元USD/EUR,NA
1967-08-01,歐元USD/EUR,NA
1967-09-01,歐元USD/EUR,NA
1967-10-01,歐元USD/EUR,NA
1967-11-01,歐元USD/EUR,NA
1967-12-01,歐元USD/EUR,NA
1968-01-01,歐元USD/EUR,NA
1968-02-01,歐元USD/EUR,NA
1968-03-01,歐元USD/EUR,NA
1968-04-01,歐元USD/EUR,NA
1968-05-01,歐元USD/EUR,NA
1968-06-01,歐元USD/EUR,NA
1968-07-01,歐元USD/EUR,NA
1968-08-01,歐元USD/EUR,NA
1968-09-01,歐元USD/EUR,NA
1968-10-01,歐元USD/EUR,NA
1968-11-01,歐元USD/EUR,NA
1968-12-01,歐元USD/EUR,NA
1969-01-01,歐元USD/EUR,NA
1969-02-01,歐元USD/EUR,NA
1969-03-01,歐元USD/EUR,NA
1969-04-01,歐元USD/EUR,NA
1969-05-01,歐元USD/EUR,NA
1969-06-01,歐元USD/EUR,NA
1969-07-01,歐元USD/EUR,NA
1969-08-01,歐元USD/EUR,NA
1969-09-01,歐元USD/EUR,NA
1969-10-01,歐元USD/EUR,NA
1969-11-01,歐元USD/EUR,NA
1969-12-01,歐元USD/EUR,NA
1970-01-01,歐元USD/EUR,NA
1970-02-01,歐元USD/EUR,NA
1970-03-01,歐元USD/EUR,NA
1970-04-01,歐元USD/EUR,NA
1970-05-01,歐元USD/EUR,NA
1970-06-01,歐元USD/EUR,NA
1970-07-01,歐元USD/EUR,NA
1970-08-01,歐元USD/EUR,NA
1970-09-01,歐元USD/EUR,NA
1970-10-01,歐元USD/EUR,NA
1970-11-01,歐元USD/EUR,NA
1970-12-01,歐元USD/EUR,NA
1971-01-01,歐元USD/EUR,NA
1971-02-01,歐元USD/EUR,NA
1971-03-01,歐元USD/EUR,NA
1971-04-01,歐元USD/EUR,NA
1971-05-01,歐元USD/EUR,NA
1971-06-01,歐元USD/EUR,NA
1971-07-01,歐元USD/EUR,NA
1971-08-01,歐元USD/EUR,NA
1971-09-01,歐元USD/EUR,NA
1971-10-01,歐元USD/EUR,NA
1971-11-01,歐元USD/EUR,NA
1971-12-01,歐元USD/EUR,NA
1972-01-01,歐元USD/EUR,NA
1972-02-01,歐元USD/EUR,NA
1972-03-01,歐元USD/EUR,NA
1972-04-01,歐元USD/EUR,NA
1972-05-01,歐元USD/EUR,NA
1972-06-01,歐元USD/EUR,NA
1972-07-01,歐元USD/EUR,NA
1972-08-01,歐元USD/EUR,NA
1972-09-01,歐元USD/EUR,NA
1972-10-01,歐元USD/EUR,NA
1972-11-01,歐元USD/EUR,NA
1972-12-01,歐元USD/EUR,NA
1973-01-01,歐元USD/EUR,NA
1973-02-01,歐元USD/EUR,NA
1973-03-01,歐元USD/EUR,NA
1973-04-01,歐元USD/EUR,NA
1973-05-01,歐元USD/EUR,NA
1973-06-01,歐元USD/EUR,NA
1973-07-01,歐元USD/EUR,NA
1973-08-01,歐元USD/EUR,NA
1973-09-01,歐元USD/EUR,NA
1973-10-01,歐元USD/EUR,NA
1973-11-01,歐元USD/EUR,NA
1973-12-01,歐元USD/EUR,NA
1974-01-01,歐元USD/EUR,NA
1974-02-01,歐元USD/EUR,NA
1974-03-01,歐元USD/EUR,NA
1974-04-01,歐元USD/EUR,NA
1974-05-01,歐元USD/EUR,NA
1974-06-01,歐元USD/EUR,NA
1974-07-01,歐元USD/EUR,NA
1974-08-01,歐元USD/EUR,NA
1974-09-01,歐元USD/EUR,NA
1974-10-01,歐元USD/EUR,NA
1974-11-01,歐元USD/EUR,NA
1974-12-01,歐元USD/EUR,NA
1975-01-01,歐元USD/EUR,NA
1975-02-01,歐元USD/EUR,NA
1975-03-01,歐元USD/EUR,NA
1975-04-01,歐元USD/EUR,NA
1975-05-01,歐元USD/EUR,NA
1975-06-01,歐元USD/EUR,NA
1975-07-01,歐元USD/EUR,NA
1975-08-01,歐元USD/EUR,NA
1975-09-01,歐元USD/EUR,NA
1975-10-01,歐元USD/EUR,NA
1975-11-01,歐元USD/EUR,NA
1975-12-01,歐元USD/EUR,NA
1976-01-01,歐元USD/EUR,NA
1976-02-01,歐元USD/EUR,NA
1976-03-01,歐元USD/EUR,NA
1976-04-01,歐元USD/EUR,NA
1976-05-01,歐元USD/EUR,NA
1976-06-01,歐元USD/EUR,NA
1976-07-01,歐元USD/EUR,NA
1976-08-01,歐元USD/EUR,NA
1976-09-01,歐元USD/EUR,NA
1976-10-01,歐元USD/EUR,NA
1976-11-01,歐元USD/EUR,NA
1976-12-01,歐元USD/EUR,NA
1977-01-01,歐元USD/EUR,NA
1977-02-01,歐元USD/EUR,NA
1977-03-01,歐元USD/EUR,NA
1977-04-01,歐元USD/EUR,NA
1977-05-01,歐元USD/EUR,NA
1977-06-01,歐元USD/EUR,NA
1977-07-01,歐元USD/EUR,NA
1977-08-01,歐元USD/EUR,NA
1977-09-01,歐元USD/EUR,NA
1977-10-01,歐元USD/EUR,NA
1977-11-01,歐元USD/EUR,NA
1977-12-01,歐元USD/EUR,NA
1978-01-01,歐元USD/EUR,NA
1978-02-01,歐元USD/EUR,NA
1978-03-01,歐元USD/EUR,NA
1978-04-01,歐元USD/EUR,NA
1978-05-01,歐元USD/EUR,NA
1978-06-01,歐元USD/EUR,NA
1978-07-01,歐元USD/EUR,NA
1978-08-01,歐元USD/EUR,NA
1978-09-01,歐元USD/EUR,NA
1978-10-01,歐元USD/EUR,NA
1978-11-01,歐元USD/EUR,NA
1978-12-01,歐元USD/EUR,NA
1979-01-01,歐元USD/EUR,NA
1979-02-01,歐元USD/EUR,NA
1979-03-01,歐元USD/EUR,NA
1979-04-01,歐元USD/EUR,NA
1979-05-01,歐元USD/EUR,NA
1979-06-01,歐元USD/EUR,NA
1979-07-01,歐元USD/EUR,NA
1979-08-01,歐元USD/EUR,NA
1979-09-01,歐元USD/EUR,NA
1979-10-01,歐元USD/EUR,NA
1979-11-01,歐元USD/EUR,NA
1979-12-01,歐元USD/EUR,NA
1980-01-01,歐元USD/EUR,NA
1980-02-01,歐元USD/EUR,NA
1980-03-01,歐元USD/EUR,NA
1980-04-01,歐元USD/EUR,NA
1980-05-01,歐元USD/EUR,NA
1980-06-01,歐元USD/EUR,NA
1980-07-01,歐元USD/EUR,NA
1980-08-01,歐元USD/EUR,NA
1980-09-01,歐元USD/EUR,NA
1980-10-01,歐元USD/EUR,NA
1980-11-01,歐元USD/EUR,NA
1980-12-01,歐元USD/EUR,NA
1981-01-01,歐元USD/EUR,NA
1981-02-01,歐元USD/EUR,NA
1981-03-01,歐元USD/EUR,NA
1981-04-01,歐元USD/EUR,NA
1981-05-01,歐元USD/EUR,NA
1981-06-01,歐元USD/EUR,NA
1981-07-01,歐元USD/EUR,NA
1981-08-01,歐元USD/EUR,NA
1981-09-01,歐元USD/EUR,NA
1981-10-01,歐元USD/EUR,NA
1981-11-01,歐元USD/EUR,NA
1981-12-01,歐元USD/EUR,NA
1982-01-01,歐元USD/EUR,NA
1982-02-01,歐元USD/EUR,NA
1982-03-01,歐元USD/EUR,NA
1982-04-01,歐元USD/EUR,NA
1982-05-01,歐元USD/EUR,NA
1982-06-01,歐元USD/EUR,NA
1982-07-01,歐元USD/EUR,NA
1982-08-01,歐元USD/EUR,NA
1982-09-01,歐元USD/EUR,NA
1982-10-01,歐元USD/EUR,NA
1982-11-01,歐元USD/EUR,NA
1982-12-01,歐元USD/EUR,NA
1983-01-01,歐元USD/EUR,NA
1983-02-01,歐元USD/EUR,NA
1983-03-01,歐元USD/EUR,NA
1983-04-01,歐元USD/EUR,NA
1983-05-01,歐元USD/EUR,NA
1983-06-01,歐元USD/EUR,NA
1983-07-01,歐元USD/EUR,NA
1983-08-01,歐元USD/EUR,NA
1983-09-01,歐元USD/EUR,NA
1983-10-01,歐元USD/EUR,NA
1983-11-01,歐元USD/EUR,NA
1983-12-01,歐元USD/EUR,NA
1984-01-01,歐元USD/EUR,NA
1984-02-01,歐元USD/EUR,NA
1984-03-01,歐元USD/EUR,NA
1984-04-01,歐元USD/EUR,NA
1984-05-01,歐元USD/EUR,NA
1984-06-01,歐元USD/EUR,NA
1984-07-01,歐元USD/EUR,NA
1984-08-01,歐元USD/EUR,NA
1984-09-01,歐元USD/EUR,NA
1984-10-01,歐元USD/EUR,NA
1984-11-01,歐元USD/EUR,NA
1984-12-01,歐元USD/EUR,NA
1985-01-01,歐元USD/EUR,NA
1985-02-01,歐元USD/EUR,NA
1985-03-01,歐元USD/EUR,NA
1985-04-01,歐元USD/EUR,NA
1985-05-01,歐元USD/EUR,NA
1985-06-01,歐元USD/EUR,NA
1985-07-01,歐元USD/EUR,NA
1985-08-01,歐元USD/EUR,NA
1985-09-01,歐元USD/EUR,NA
1985-10-01,歐元USD/EUR,NA
1985-11-01,歐元USD/EUR,NA
1985-12-01,歐元USD/EUR,NA
1986-01-01,歐元USD/EUR,NA
1986-02-01,歐元USD/EUR,NA
1986-03-01,歐元USD/EUR,NA
1986-04-01,歐元USD/EUR,NA
1986-05-01,歐元USD/EUR,NA
1986-06-01,歐元USD/EUR,NA
1986-07-01,歐元USD/EUR,NA
1986-08-01,歐元USD/EUR,NA
1986-09-01,歐元USD/EUR,NA
1986-10-01,歐元USD/EUR,NA
1986-11-01,歐元USD/EUR,NA
1986-12-01,歐元USD/EUR,NA
1987-01-01,歐元USD/EUR,NA
1987-02-01,歐元USD/EUR,NA
1987-03-01,歐元USD/EUR,NA
1987-04-01,歐元USD/EUR,NA
1987-05-01,歐元USD/EUR,NA
1987-06-01,歐元USD/EUR,NA
1987-07-01,歐元USD/EUR,NA
1987-08-01,歐元USD/EUR,NA
1987-09-01,歐元USD/EUR,NA
1987-10-01,歐元USD/EUR,NA
1987-11-01,歐元USD/EUR,NA
1987-12-01,歐元USD/EUR,NA
1988-01-01,歐元USD/EUR,NA
1988-02-01,歐元USD/EUR,NA
1988-03-01,歐元USD/EUR,NA
1988-04-01,歐元USD/EUR,NA
1988-05-01,歐元USD/EUR,NA
1988-06-01,歐元USD/EUR,NA
1988-07-01,歐元USD/EUR,NA
1988-08-01,歐元USD/EUR,NA
1988-09-01,歐元USD/EUR,NA
1988-10-01,歐元USD/EUR,NA
1988-11-01,歐元USD/EUR,NA
1988-12-01,歐元USD/EUR,NA
1989-01-01,歐元USD/EUR,NA
1989-02-01,歐元USD/EUR,NA
1989-03-01,歐元USD/EUR,NA
1989-04-01,歐元USD/EUR,NA
1989-05-01,歐元USD/EUR,NA
1989-06-01,歐元USD/EUR,NA
1989-07-01,歐元USD/EUR,NA
1989-08-01,歐元USD/EUR,NA
1989-09-01,歐元USD/EUR,NA
1989-10-01,歐元USD/EUR,NA
1989-11-01,歐元USD/EUR,NA
1989-12-01,歐元USD/EUR,NA
1990-01-01,歐元USD/EUR,NA
1990-02-01,歐元USD/EUR,NA
1990-03-01,歐元USD/EUR,NA
1990-04-01,歐元USD/EUR,NA
1990-05-01,歐元USD/EUR,NA
1990-06-01,歐元USD/EUR,NA
1990-07-01,歐元USD/EUR,NA
1990-08-01,歐元USD/EUR,NA
1990-09-01,歐元USD/EUR,NA
1990-10-01,歐元USD/EUR,NA
1990-11-01,歐元USD/EUR,NA
1990-12-01,歐元USD/EUR,NA
1991-01-01,歐元USD/EUR,NA
1991-02-01,歐元USD/EUR,NA
1991-03-01,歐元USD/EUR,NA
1991-04-01,歐元USD/EUR,NA
1991-05-01,歐元USD/EUR,NA
1991-06-01,歐元USD/EUR,NA
1991-07-01,歐元USD/EUR,NA
1991-08-01,歐元USD/EUR,NA
1991-09-01,歐元USD/EUR,NA
1991-10-01,歐元USD/EUR,NA
1991-11-01,歐元USD/EUR,NA
1991-12-01,歐元USD/EUR,NA
1992-01-01,歐元USD/EUR,NA
1992-02-01,歐元USD/EUR,NA
1992-03-01,歐元USD/EUR,NA
1992-04-01,歐元USD/EUR,NA
1992-05-01,歐元USD/EUR,NA
1992-06-01,歐元USD/EUR,NA
1992-07-01,歐元USD/EUR,NA
1992-08-01,歐元USD/EUR,NA
1992-09-01,歐元USD/EUR,NA
1992-10-01,歐元USD/EUR,NA
1992-11-01,歐元USD/EUR,NA
1992-12-01,歐元USD/EUR,NA
1993-01-01,歐元USD/EUR,NA
1993-02-01,歐元USD/EUR,NA
1993-03-01,歐元USD/EUR,NA
1993-04-01,歐元USD/EUR,NA
1993-05-01,歐元USD/EUR,NA
1993-06-01,歐元USD/EUR,NA
1993-07-01,歐元USD/EUR,NA
1993-08-01,歐元USD/EUR,NA
1993-09-01,歐元USD/EUR,NA
1993-10-01,歐元USD/EUR,NA
1993-11-01,歐元USD/EUR,NA
1993-12-01,歐元USD/EUR,NA
1994-01-01,歐元USD/EUR,0.8976660682226211
1994-02-01,歐元USD/EUR,0.8952551477170994
1994-03-01,歐元USD/EUR,0.8756567425569177
1994-04-01,歐元USD/EUR,0.8779631255487269
1994-05-01,歐元USD/EUR,0.859106529209622
1994-06-01,歐元USD/EUR,0.8445945945945946
1994-07-01,歐元USD/EUR,0.8176614881439084
1994-08-01,歐元USD/EUR,0.8176614881439084
1994-09-01,歐元USD/EUR,0.8097165991902834
1994-10-01,歐元USD/EUR,0.7930214115781127
1994-11-01,歐元USD/EUR,0.8032128514056224
1994-12-01,歐元USD/EUR,0.8223684210526316
1995-01-01,歐元USD/EUR,0.8051529790660226
1995-02-01,歐元USD/EUR,0.794912559618442
1995-03-01,歐元USD/EUR,0.7593014426727411
1995-04-01,歐元USD/EUR,0.7457121551081283
1995-05-01,歐元USD/EUR,0.757002271006813
1995-06-01,歐元USD/EUR,0.7513148009015778
1995-07-01,歐元USD/EUR,0.7434944237918216
1995-08-01,歐元USD/EUR,0.7668711656441718
1995-09-01,歐元USD/EUR,0.7763975155279503
1995-10-01,歐元USD/EUR,0.75642965204236
1995-11-01,歐元USD/EUR,0.755287009063444
1995-12-01,歐元USD/EUR,0.7668711656441718
1996-01-01,歐元USD/EUR,0.7770007770007771
1996-02-01,歐元USD/EUR,0.7763975155279503
1996-03-01,歐元USD/EUR,0.7806401249024201
1996-04-01,歐元USD/EUR,0.7911392405063291
1996-05-01,歐元USD/EUR,0.8019246190858058
1996-06-01,歐元USD/EUR,0.7980845969672786
1996-07-01,歐元USD/EUR,0.7867820613690009
1996-08-01,歐元USD/EUR,0.7874015748031495
1996-09-01,歐元USD/EUR,0.7886435331230284
1996-10-01,歐元USD/EUR,0.7942811755361399
1996-11-01,歐元USD/EUR,0.7818608287724785
1996-12-01,歐元USD/EUR,0.8
1997-01-01,歐元USD/EUR,0.8230452674897119
1997-02-01,歐元USD/EUR,0.856898029134533
1997-03-01,歐元USD/EUR,0.8695652173913044
1997-04-01,歐元USD/EUR,0.8733624454148472
1997-05-01,歐元USD/EUR,0.8710801393728224
1997-06-01,歐元USD/EUR,0.8795074758135444
1997-07-01,歐元USD/EUR,0.9057971014492753
1997-08-01,歐元USD/EUR,0.9328358208955223
1997-09-01,歐元USD/EUR,0.9090909090909091
1997-10-01,歐元USD/EUR,0.8928571428571428
1997-11-01,歐元USD/EUR,0.8771929824561404
1997-12-01,歐元USD/EUR,0.8992805755395683
1998-01-01,歐元USD/EUR,0.9191176470588235
1998-02-01,歐元USD/EUR,0.9203018590097551
1998-03-01,歐元USD/EUR,0.9222539887485013
1998-04-01,歐元USD/EUR,0.9207255317189945
1998-05-01,歐元USD/EUR,0.9022013713460844
1998-06-01,歐元USD/EUR,0.9079353550027238
1998-07-01,歐元USD/EUR,0.9111617312072894
1998-08-01,歐元USD/EUR,0.9076881183625307
1998-09-01,歐元USD/EUR,0.8665511265164645
1998-10-01,歐元USD/EUR,0.8374507997655138
1998-11-01,歐元USD/EUR,0.8582954252853832
1998-12-01,歐元USD/EUR,0.8538251366120219
1999-01-01,歐元USD/EUR,0.8614748449345279
1999-02-01,歐元USD/EUR,0.892379082634303
1999-03-01,歐元USD/EUR,0.9189487226612755
1999-04-01,歐元USD/EUR,0.9342301943198804
1999-05-01,歐元USD/EUR,0.9409993413004611
1999-06-01,歐元USD/EUR,0.9636696540425941
1999-07-01,歐元USD/EUR,0.9662769349695624
1999-08-01,歐元USD/EUR,0.9432182607055273
1999-09-01,歐元USD/EUR,0.9523809523809523
1999-10-01,歐元USD/EUR,0.933968431867003
1999-11-01,歐元USD/EUR,0.9668374746205163
1999-12-01,歐元USD/EUR,0.9891196834817014
2000-01-01,歐元USD/EUR,0.9867771857114662
2000-02-01,歐元USD/EUR,1.0169836265636123
2000-03-01,歐元USD/EUR,1.0370216737529814
2000-04-01,歐元USD/EUR,1.0564124234100993
2000-05-01,歐元USD/EUR,1.103996467211305
2000-06-01,歐元USD/EUR,1.0536297545042672
2000-07-01,歐元USD/EUR,1.06439595529537
2000-08-01,歐元USD/EUR,1.1061946902654867
2000-09-01,歐元USD/EUR,1.1469205184080744
2000-10-01,歐元USD/EUR,1.169864295741694
2000-11-01,歐元USD/EUR,1.1678150181011329
2000-12-01,歐元USD/EUR,1.114951499609767
2001-01-01,歐元USD/EUR,1.065984436627225
2001-02-01,歐元USD/EUR,1.0850694444444444
2001-03-01,歐元USD/EUR,1.0999890001099988
2001-04-01,歐元USD/EUR,1.1213276519398967
2001-05-01,歐元USD/EUR,1.1441647597254005
2001-06-01,歐元USD/EUR,1.172195522213105
2001-07-01,歐元USD/EUR,1.1621150493898895
2001-08-01,歐元USD/EUR,1.110864252388358
2001-09-01,歐元USD/EUR,1.0978153474585575
2001-10-01,歐元USD/EUR,1.103996467211305
2001-11-01,歐元USD/EUR,1.1258725512272012
2001-12-01,歐元USD/EUR,1.1206993163734171
2002-01-01,歐元USD/EUR,1.1323745895142112
2002-02-01,歐元USD/EUR,1.1494252873563218
2002-03-01,歐元USD/EUR,1.1418131993605847
2002-04-01,歐元USD/EUR,1.1289230074508918
2002-05-01,歐元USD/EUR,1.0906314756243864
2002-06-01,歐元USD/EUR,1.0470107842110774
2002-07-01,歐元USD/EUR,1.0080645161290323
2002-08-01,歐元USD/EUR,1.022704029453876
2002-09-01,歐元USD/EUR,1.0195758564437194
2002-10-01,歐元USD/EUR,1.0195758564437194
2002-11-01,歐元USD/EUR,1.0081661457808246
2002-12-01,歐元USD/EUR,0.9823182711198428
2003-01-01,歐元USD/EUR,0.9416195856873822
2003-02-01,歐元USD/EUR,0.9282465422816301
2003-03-01,歐元USD/EUR,0.9255831173639393
2003-04-01,歐元USD/EUR,0.9219988936013277
2003-05-01,歐元USD/EUR,0.864528399757932
2003-06-01,歐元USD/EUR,0.8575593859874797
2003-07-01,歐元USD/EUR,0.879430129276229
2003-08-01,歐元USD/EUR,0.898069151324652
2003-09-01,歐元USD/EUR,0.8915039671926541
2003-10-01,歐元USD/EUR,0.8552856654122477
2003-11-01,歐元USD/EUR,0.8547739123001966
2003-12-01,歐元USD/EUR,0.8137358613394091
2004-01-01,歐元USD/EUR,0.7928956549318109
2004-02-01,歐元USD/EUR,0.7908264136022144
2004-03-01,歐元USD/EUR,0.8155941603458119
2004-04-01,歐元USD/EUR,0.8340979230961715
2004-05-01,歐元USD/EUR,0.8336112037345782
2004-06-01,歐元USD/EUR,0.8238589553468446
2004-07-01,歐元USD/EUR,0.8153281695882594
2004-08-01,歐元USD/EUR,0.8213552361396304
2004-09-01,歐元USD/EUR,0.8185315543914218
2004-10-01,歐元USD/EUR,0.8008328661808282
2004-11-01,歐元USD/EUR,0.7698822080221727
2004-12-01,歐元USD/EUR,0.7476076555023924
2005-01-01,歐元USD/EUR,0.7550018875047187
2005-02-01,歐元USD/EUR,0.7684623069238454
2005-03-01,歐元USD/EUR,0.7582075972401243
2005-04-01,歐元USD/EUR,0.7729767334003246
2005-05-01,歐元USD/EUR,0.7878978884336589
2005-06-01,歐元USD/EUR,0.8220979940808945
2005-07-01,歐元USD/EUR,0.8308408109006314
2005-08-01,歐元USD/EUR,0.8135372600065083
2005-09-01,歐元USD/EUR,0.8160600620205647
2005-10-01,歐元USD/EUR,0.8323622440486099
2005-11-01,歐元USD/EUR,0.848536274925753
2005-12-01,歐元USD/EUR,0.8434547908232118
2006-01-01,歐元USD/EUR,0.8263097008758883
2006-02-01,歐元USD/EUR,0.8376612497905848
2006-03-01,歐元USD/EUR,0.8320159747067144
2006-04-01,歐元USD/EUR,0.8149959250203749
2006-05-01,歐元USD/EUR,0.783146683373796
2006-06-01,歐元USD/EUR,0.7905763301446755
2006-07-01,歐元USD/EUR,0.7884569896712135
2006-08-01,歐元USD/EUR,0.7805791897588011
2006-09-01,歐元USD/EUR,0.7857311228097745
2006-10-01,歐元USD/EUR,0.7929585282689715
2006-11-01,歐元USD/EUR,0.7763975155279503
2006-12-01,歐元USD/EUR,0.7568876778686043
2007-01-01,歐元USD/EUR,0.7693491306354824
2007-02-01,歐元USD/EUR,0.764876854826373
2007-03-01,歐元USD/EUR,0.7552299675251114
2007-04-01,歐元USD/EUR,0.7399186089530152
2007-05-01,歐元USD/EUR,0.7401376656058027
2007-06-01,歐元USD/EUR,0.7452675510508272
2007-07-01,歐元USD/EUR,0.7291286912139993
2007-08-01,歐元USD/EUR,0.7341065922771987
2007-09-01,歐元USD/EUR,0.7197351374694113
2007-10-01,歐元USD/EUR,0.7028888732691361
2007-11-01,歐元USD/EUR,0.6810597289382279
2007-12-01,歐元USD/EUR,0.6859181013786954
2008-01-01,歐元USD/EUR,0.6794863083508867
2008-02-01,歐元USD/EUR,0.6781500067815001
2008-03-01,歐元USD/EUR,0.6441638752898737
2008-04-01,歐元USD/EUR,0.634960949901581
2008-05-01,歐元USD/EUR,0.6428387760349704
2008-06-01,歐元USD/EUR,0.6430041152263375
2008-07-01,歐元USD/EUR,0.6341556217895872
2008-08-01,歐元USD/EUR,0.6680472977486807
2008-09-01,歐元USD/EUR,0.6960879855213699
2008-10-01,歐元USD/EUR,0.7515971439308531
2008-11-01,歐元USD/EUR,0.7854842510407667
2008-12-01,歐元USD/EUR,0.7341065922771987
2009-01-01,歐元USD/EUR,0.755287009063444
2009-02-01,歐元USD/EUR,0.7822277847309137
2009-03-01,歐元USD/EUR,0.7669888019634913
2009-04-01,歐元USD/EUR,0.7582650894752806
2009-05-01,歐元USD/EUR,0.7337833871441151
2009-06-01,歐元USD/EUR,0.7135212272565109
2009-07-01,歐元USD/EUR,0.7098743522396536
2009-08-01,歐元USD/EUR,0.7009182028457278
2009-09-01,歐元USD/EUR,0.6868131868131868
2009-10-01,歐元USD/EUR,0.6749915626054674
2009-11-01,歐元USD/EUR,0.670510929328148
2009-12-01,歐元USD/EUR,0.6849784231796698
2010-01-01,歐元USD/EUR,0.7007708479327259
2010-02-01,歐元USD/EUR,0.7307804735457468
2010-03-01,歐元USD/EUR,0.7356727727506805
2010-04-01,歐元USD/EUR,0.7458233890214797
2010-05-01,歐元USD/EUR,0.7962417389919579
2010-06-01,歐元USD/EUR,0.8192020971573688
2010-07-01,歐元USD/EUR,0.7825950853028643
2010-08-01,歐元USD/EUR,0.7757350089209527
2010-09-01,歐元USD/EUR,0.7651694850409366
2010-10-01,歐元USD/EUR,0.7195797654169965
2010-11-01,歐元USD/EUR,0.7323861139592793
2010-12-01,歐元USD/EUR,0.7564868749527195
2011-01-01,歐元USD/EUR,0.748502994011976
2011-02-01,歐元USD/EUR,0.7326544069162576
2011-03-01,歐元USD/EUR,0.7143367383384528
2011-04-01,歐元USD/EUR,0.6924248719013988
2011-05-01,歐元USD/EUR,0.6969612489545581
2011-06-01,歐元USD/EUR,0.6950236308034473
2011-07-01,歐元USD/EUR,0.7017051434987018
2011-08-01,歐元USD/EUR,0.6972528238739367
2011-09-01,歐元USD/EUR,0.7273256236817223
2011-10-01,歐元USD/EUR,0.7296074711805048
2011-11-01,歐元USD/EUR,0.737680731779286
2011-12-01,歐元USD/EUR,0.758782912208817
2012-01-01,歐元USD/EUR,0.7748934521503293
2012-02-01,歐元USD/EUR,0.7562008469449486
2012-03-01,歐元USD/EUR,0.7575183698204682
2012-04-01,歐元USD/EUR,0.759762953958365
2012-05-01,歐元USD/EUR,0.7819219641879741
2012-06-01,歐元USD/EUR,0.7983394539358135
2012-07-01,歐元USD/EUR,0.8140670791273201
2012-08-01,歐元USD/EUR,0.8064516129032259
2012-09-01,歐元USD/EUR,0.7777864198491093
2012-10-01,歐元USD/EUR,0.7707723138584861
2012-11-01,歐元USD/EUR,0.7795447458684129
2012-12-01,歐元USD/EUR,0.7622532205198567
2013-01-01,歐元USD/EUR,0.7525586995785671
2013-02-01,歐元USD/EUR,0.7485590238790328
2013-03-01,歐元USD/EUR,0.771366862079605
2013-04-01,歐元USD/EUR,0.7676953784738216
2013-05-01,歐元USD/EUR,0.7702973347712216
2013-06-01,歐元USD/EUR,0.7582075972401243
2013-07-01,歐元USD/EUR,0.764525993883792
2013-08-01,歐元USD/EUR,0.7513148009015778
2013-09-01,歐元USD/EUR,0.7491759065028468
2013-10-01,歐元USD/EUR,0.7334066740007334
2013-11-01,歐元USD/EUR,0.7411250277921886
2013-12-01,歐元USD/EUR,0.7297139521307647
2014-01-01,歐元USD/EUR,0.7347538574577517
2014-02-01,歐元USD/EUR,0.7321180174244089
2014-03-01,歐元USD/EUR,0.7234319612240468
2014-04-01,歐元USD/EUR,0.7239556939115326
2014-05-01,歐元USD/EUR,0.7282260413632392
2014-06-01,歐元USD/EUR,0.7357268981753973
2014-07-01,歐元USD/EUR,0.738606987222099
2014-08-01,歐元USD/EUR,0.7509762691498949
2014-09-01,歐元USD/EUR,0.7751337105650724
2014-10-01,歐元USD/EUR,0.7890791446382072
2014-11-01,歐元USD/EUR,0.8017960230917254
2014-12-01,歐元USD/EUR,0.8109642364771713
2015-01-01,歐元USD/EUR,0.8605111436193099
2015-02-01,歐元USD/EUR,0.8810572687224669
2015-03-01,歐元USD/EUR,0.9226794611551946
2015-04-01,歐元USD/EUR,0.9277298450691158
2015-05-01,歐元USD/EUR,0.8968609865470852
2015-06-01,歐元USD/EUR,0.8918219923303309
2015-07-01,歐元USD/EUR,0.9094216078574028
2015-08-01,歐元USD/EUR,0.8977466558937068
2015-09-01,歐元USD/EUR,0.8911861687906603
2015-10-01,歐元USD/EUR,0.8900756564307967
2015-11-01,歐元USD/EUR,0.931445603576751
2015-12-01,歐元USD/EUR,0.919371150133309
2016-01-01,歐元USD/EUR,0.9208103130755064
2016-02-01,歐元USD/EUR,0.9014693951140359
2016-03-01,歐元USD/EUR,0.9009009009009008
2016-04-01,歐元USD/EUR,0.8819119851838787
2016-05-01,歐元USD/EUR,0.8840951286358413
2016-06-01,歐元USD/EUR,0.890551251224508
2016-07-01,歐元USD/EUR,0.9034239768723462
2016-08-01,歐元USD/EUR,0.8919015340706387
2016-09-01,歐元USD/EUR,0.8919015340706387
2016-10-01,歐元USD/EUR,0.9069472156720478
2016-11-01,歐元USD/EUR,0.9260116677470135
2016-12-01,歐元USD/EUR,0.9484966328369534
2017-01-01,歐元USD/EUR,0.9421518748822311
2017-02-01,歐元USD/EUR,0.939584703561026
2017-03-01,歐元USD/EUR,0.9358914365933552
2017-04-01,歐元USD/EUR,0.9325748391308403
2017-05-01,歐元USD/EUR,0.9049773755656109
2017-06-01,歐元USD/EUR,0.890551251224508
2017-07-01,歐元USD/EUR,0.8682062858135093
2017-08-01,歐元USD/EUR,0.8470269354565475
2017-09-01,歐元USD/EUR,0.8393486654356219
2017-10-01,歐元USD/EUR,0.8506294658046955
2017-11-01,歐元USD/EUR,0.8528784648187633
2017-12-01,歐元USD/EUR,0.8448800270361608
2018-01-01,歐元USD/EUR,0.8200754469411186
2018-02-01,歐元USD/EUR,0.8101101749837978
2018-03-01,歐元USD/EUR,0.8106355382619974
2018-04-01,歐元USD/EUR,0.8145975887911372
2018-05-01,歐元USD/EUR,0.8563110121596164
2018-06-01,歐元USD/EUR,0.8563110121596164
2018-07-01,歐元USD/EUR,0.8555783709787816
2018-08-01,歐元USD/EUR,0.8659508139937652
2018-09-01,歐元USD/EUR,0.8578536501672815
1960-01-01,韓元KRW/USD,50
1960-02-01,韓元KRW/USD,57.5
1960-03-01,韓元KRW/USD,65
1960-04-01,韓元KRW/USD,65
1960-05-01,韓元KRW/USD,65
1960-06-01,韓元KRW/USD,65
1960-07-01,韓元KRW/USD,65
1960-08-01,韓元KRW/USD,65
1960-09-01,韓元KRW/USD,65
1960-10-01,韓元KRW/USD,65
1960-11-01,韓元KRW/USD,65
1960-12-01,韓元KRW/USD,65
1961-01-01,韓元KRW/USD,82.5
1961-02-01,韓元KRW/USD,115
1961-03-01,韓元KRW/USD,130
1961-04-01,韓元KRW/USD,130
1961-05-01,韓元KRW/USD,130
1961-06-01,韓元KRW/USD,130
1961-07-01,韓元KRW/USD,130
1961-08-01,韓元KRW/USD,130
1961-09-01,韓元KRW/USD,130
1961-10-01,韓元KRW/USD,130
1961-11-01,韓元KRW/USD,130
1961-12-01,韓元KRW/USD,130
1962-01-01,韓元KRW/USD,130
1962-02-01,韓元KRW/USD,130
1962-03-01,韓元KRW/USD,130
1962-04-01,韓元KRW/USD,130
1962-05-01,韓元KRW/USD,130
1962-06-01,韓元KRW/USD,130
1962-07-01,韓元KRW/USD,130
1962-08-01,韓元KRW/USD,130
1962-09-01,韓元KRW/USD,130
1962-10-01,韓元KRW/USD,130
1962-11-01,韓元KRW/USD,130
1962-12-01,韓元KRW/USD,130
1963-01-01,韓元KRW/USD,130
1963-02-01,韓元KRW/USD,130
1963-03-01,韓元KRW/USD,130
1963-04-01,韓元KRW/USD,130
1963-05-01,韓元KRW/USD,130
1963-06-01,韓元KRW/USD,130
1963-07-01,韓元KRW/USD,130
1963-08-01,韓元KRW/USD,130
1963-09-01,韓元KRW/USD,130
1963-10-01,韓元KRW/USD,130
1963-11-01,韓元KRW/USD,130
1963-12-01,韓元KRW/USD,130
1964-01-01,韓元KRW/USD,130
1964-02-01,韓元KRW/USD,130
1964-03-01,韓元KRW/USD,130
1964-04-01,韓元KRW/USD,130
1964-05-01,韓元KRW/USD,255.8
1964-06-01,韓元KRW/USD,255.8
1964-07-01,韓元KRW/USD,255.8
1964-08-01,韓元KRW/USD,255.8
1964-09-01,韓元KRW/USD,255.8
1964-10-01,韓元KRW/USD,255.8
1964-11-01,韓元KRW/USD,255.8
1964-12-01,韓元KRW/USD,255.8
1965-01-01,韓元KRW/USD,255.8
1965-02-01,韓元KRW/USD,255.8
1965-03-01,韓元KRW/USD,260.5
1965-04-01,韓元KRW/USD,259.1
1965-05-01,韓元KRW/USD,266.1
1965-06-01,韓元KRW/USD,268.2
1965-07-01,韓元KRW/USD,271.7
1965-08-01,韓元KRW/USD,272.1
1965-09-01,韓元KRW/USD,272.1
1965-10-01,韓元KRW/USD,272
1965-11-01,韓元KRW/USD,271.8
1965-12-01,韓元KRW/USD,271.8
1966-01-01,韓元KRW/USD,271.8
1966-02-01,韓元KRW/USD,271.7
1966-03-01,韓元KRW/USD,271.8
1966-04-01,韓元KRW/USD,271.4
1966-05-01,韓元KRW/USD,271.2
1966-06-01,韓元KRW/USD,271.2
1966-07-01,韓元KRW/USD,271.2
1966-08-01,韓元KRW/USD,271.2
1966-09-01,韓元KRW/USD,271.2
1966-10-01,韓元KRW/USD,271.2
1966-11-01,韓元KRW/USD,271.2
1966-12-01,韓元KRW/USD,271.2
1967-01-01,韓元KRW/USD,270.4
1967-02-01,韓元KRW/USD,269.9
1967-03-01,韓元KRW/USD,269.9
1967-04-01,韓元KRW/USD,270.1
1967-05-01,韓元KRW/USD,270.2
1967-06-01,韓元KRW/USD,270.1
1967-07-01,韓元KRW/USD,270.2
1967-08-01,韓元KRW/USD,270.3
1967-09-01,韓元KRW/USD,270.4
1967-10-01,韓元KRW/USD,270.4
1967-11-01,韓元KRW/USD,270.4
1967-12-01,韓元KRW/USD,274.2
1968-01-01,韓元KRW/USD,274.6
1968-02-01,韓元KRW/USD,274.6
1968-03-01,韓元KRW/USD,274.7
1968-04-01,韓元KRW/USD,274.8
1968-05-01,韓元KRW/USD,274.8
1968-06-01,韓元KRW/USD,274.8
1968-07-01,韓元KRW/USD,274.8
1968-08-01,韓元KRW/USD,275.4
1968-09-01,韓元KRW/USD,278.1
1968-10-01,韓元KRW/USD,280.3
1968-11-01,韓元KRW/USD,281.5
1968-12-01,韓元KRW/USD,281.7
1969-01-01,韓元KRW/USD,281.6
1969-02-01,韓元KRW/USD,282.1
1969-03-01,韓元KRW/USD,282.7
1969-04-01,韓元KRW/USD,282.9
1969-05-01,韓元KRW/USD,284.5
1969-06-01,韓元KRW/USD,285
1969-07-01,韓元KRW/USD,285.4
1969-08-01,韓元KRW/USD,286.9
1969-09-01,韓元KRW/USD,288.3
1969-10-01,韓元KRW/USD,290.2
1969-11-01,韓元KRW/USD,303.9
1969-12-01,韓元KRW/USD,304.5
1970-01-01,韓元KRW/USD,304.9
1970-02-01,韓元KRW/USD,305.9
1970-03-01,韓元KRW/USD,306.6
1970-04-01,韓元KRW/USD,307.7
1970-05-01,韓元KRW/USD,308.8
1970-06-01,韓元KRW/USD,309.9
1970-07-01,韓元KRW/USD,311.4
1970-08-01,韓元KRW/USD,312.5
1970-09-01,韓元KRW/USD,313.4
1970-10-01,韓元KRW/USD,314.2
1970-11-01,韓元KRW/USD,315.2
1970-12-01,韓元KRW/USD,316.3
1971-01-01,韓元KRW/USD,317.7
1971-02-01,韓元KRW/USD,319.5
1971-03-01,韓元KRW/USD,321.4
1971-04-01,韓元KRW/USD,323.3
1971-05-01,韓元KRW/USD,325.7
1971-06-01,韓元KRW/USD,332.2
1971-07-01,韓元KRW/USD,370.8
1971-08-01,韓元KRW/USD,370.8
1971-09-01,韓元KRW/USD,370.8
1971-10-01,韓元KRW/USD,370.8
1971-11-01,韓元KRW/USD,370.8
1971-12-01,韓元KRW/USD,372.1
1972-01-01,韓元KRW/USD,374.7
1972-02-01,韓元KRW/USD,379.1
1972-03-01,韓元KRW/USD,384.6
1972-04-01,韓元KRW/USD,389.8
1972-05-01,韓元KRW/USD,394.6
1972-06-01,韓元KRW/USD,398.6
1972-07-01,韓元KRW/USD,399.4
1972-08-01,韓元KRW/USD,399.1
1972-09-01,韓元KRW/USD,398.8
1972-10-01,韓元KRW/USD,398.6
1972-11-01,韓元KRW/USD,398.7
1972-12-01,韓元KRW/USD,398.9
1973-01-01,韓元KRW/USD,398.9
1973-02-01,韓元KRW/USD,398.9
1973-03-01,韓元KRW/USD,398.9
1973-04-01,韓元KRW/USD,398.9
1973-05-01,韓元KRW/USD,398.9
1973-06-01,韓元KRW/USD,398.9
1973-07-01,韓元KRW/USD,398.7
1973-08-01,韓元KRW/USD,398.6
1973-09-01,韓元KRW/USD,397.8
1973-10-01,韓元KRW/USD,397.3
1973-11-01,韓元KRW/USD,397
1973-12-01,韓元KRW/USD,397.2
1974-01-01,韓元KRW/USD,397.8
1974-02-01,韓元KRW/USD,398.3
1974-03-01,韓元KRW/USD,398.7
1974-04-01,韓元KRW/USD,399
1974-05-01,韓元KRW/USD,399
1974-06-01,韓元KRW/USD,399
1974-07-01,韓元KRW/USD,399
1974-08-01,韓元KRW/USD,399
1974-09-01,韓元KRW/USD,399
1974-10-01,韓元KRW/USD,399
1974-11-01,韓元KRW/USD,399
1974-12-01,韓元KRW/USD,467
1975-01-01,韓元KRW/USD,484
1975-02-01,韓元KRW/USD,484
1975-03-01,韓元KRW/USD,484
1975-04-01,韓元KRW/USD,484
1975-05-01,韓元KRW/USD,484
1975-06-01,韓元KRW/USD,484
1975-07-01,韓元KRW/USD,484
1975-08-01,韓元KRW/USD,484
1975-09-01,韓元KRW/USD,484
1975-10-01,韓元KRW/USD,484
1975-11-01,韓元KRW/USD,484
1975-12-01,韓元KRW/USD,484
1976-01-01,韓元KRW/USD,484
1976-02-01,韓元KRW/USD,484
1976-03-01,韓元KRW/USD,484
1976-04-01,韓元KRW/USD,484
1976-05-01,韓元KRW/USD,484
1976-06-01,韓元KRW/USD,484
1976-07-01,韓元KRW/USD,484
1976-08-01,韓元KRW/USD,484
1976-09-01,韓元KRW/USD,484
1976-10-01,韓元KRW/USD,484
1976-11-01,韓元KRW/USD,484
1976-12-01,韓元KRW/USD,484
1977-01-01,韓元KRW/USD,484
1977-02-01,韓元KRW/USD,484
1977-03-01,韓元KRW/USD,484
1977-04-01,韓元KRW/USD,484
1977-05-01,韓元KRW/USD,484
1977-06-01,韓元KRW/USD,484
1977-07-01,韓元KRW/USD,484
1977-08-01,韓元KRW/USD,484
1977-09-01,韓元KRW/USD,484
1977-10-01,韓元KRW/USD,484
1977-11-01,韓元KRW/USD,484
1977-12-01,韓元KRW/USD,484
1978-01-01,韓元KRW/USD,484
1978-02-01,韓元KRW/USD,484
1978-03-01,韓元KRW/USD,484
1978-04-01,韓元KRW/USD,484
1978-05-01,韓元KRW/USD,484
1978-06-01,韓元KRW/USD,484
1978-07-01,韓元KRW/USD,484
1978-08-01,韓元KRW/USD,484
1978-09-01,韓元KRW/USD,484
1978-10-01,韓元KRW/USD,484
1978-11-01,韓元KRW/USD,484
1978-12-01,韓元KRW/USD,484
1979-01-01,韓元KRW/USD,484
1979-02-01,韓元KRW/USD,484
1979-03-01,韓元KRW/USD,484
1979-04-01,韓元KRW/USD,484
1979-05-01,韓元KRW/USD,484
1979-06-01,韓元KRW/USD,484
1979-07-01,韓元KRW/USD,484
1979-08-01,韓元KRW/USD,484
1979-09-01,韓元KRW/USD,484
1979-10-01,韓元KRW/USD,484
1979-11-01,韓元KRW/USD,484
1979-12-01,韓元KRW/USD,484
1980-01-01,韓元KRW/USD,549.5
1980-02-01,韓元KRW/USD,580.1
1980-03-01,韓元KRW/USD,583.5
1980-04-01,韓元KRW/USD,589.7
1980-05-01,韓元KRW/USD,593.6
1980-06-01,韓元KRW/USD,599
1980-07-01,韓元KRW/USD,605.4
1980-08-01,韓元KRW/USD,615.9
1980-09-01,韓元KRW/USD,618.7
1980-10-01,韓元KRW/USD,637.7
1980-11-01,韓元KRW/USD,656.4
1980-12-01,韓元KRW/USD,659.9
1981-01-01,韓元KRW/USD,662.2
1981-02-01,韓元KRW/USD,667.7
1981-03-01,韓元KRW/USD,671.6
1981-04-01,韓元KRW/USD,676.5
1981-05-01,韓元KRW/USD,682.1
1981-06-01,韓元KRW/USD,684.2
1981-07-01,韓元KRW/USD,686.1
1981-08-01,韓元KRW/USD,686.6
1981-09-01,韓元KRW/USD,685
1981-10-01,韓元KRW/USD,686.5
1981-11-01,韓元KRW/USD,688.1
1981-12-01,韓元KRW/USD,695.7
1982-01-01,韓元KRW/USD,705.5
1982-02-01,韓元KRW/USD,709.8
1982-03-01,韓元KRW/USD,714.9
1982-04-01,韓元KRW/USD,720.9
1982-05-01,韓元KRW/USD,725.5
1982-06-01,韓元KRW/USD,738.4
1982-07-01,韓元KRW/USD,740
1982-08-01,韓元KRW/USD,741.7
1982-09-01,韓元KRW/USD,742.2
1982-10-01,韓元KRW/USD,743.4
1982-11-01,韓元KRW/USD,745.1
1982-12-01,韓元KRW/USD,745.6
1983-01-01,韓元KRW/USD,749.9
1983-02-01,韓元KRW/USD,752.2
1983-03-01,韓元KRW/USD,758.2
1983-04-01,韓元KRW/USD,765.3
1983-05-01,韓元KRW/USD,768.1
1983-06-01,韓元KRW/USD,775.3
1983-07-01,韓元KRW/USD,779.4
1983-08-01,韓元KRW/USD,786.5
1983-09-01,韓元KRW/USD,789.8
1983-10-01,韓元KRW/USD,790.4
1983-11-01,韓元KRW/USD,795.7
1983-12-01,韓元KRW/USD,798.2
1984-01-01,韓元KRW/USD,798.3
1984-02-01,韓元KRW/USD,796.4
1984-03-01,韓元KRW/USD,792.5
1984-04-01,韓元KRW/USD,794.6
1984-05-01,韓元KRW/USD,799.6
1984-06-01,韓元KRW/USD,800.3
1984-07-01,韓元KRW/USD,808.8
1984-08-01,韓元KRW/USD,809.2
1984-09-01,韓元KRW/USD,813.5
1984-10-01,韓元KRW/USD,818.2
1984-11-01,韓元KRW/USD,816.6
1984-12-01,韓元KRW/USD,823.7
1985-01-01,韓元KRW/USD,830.3
1985-02-01,韓元KRW/USD,836.9
1985-03-01,韓元KRW/USD,849
1985-04-01,韓元KRW/USD,859.3
1985-05-01,韓元KRW/USD,868.9
1985-06-01,韓元KRW/USD,872.9
1985-07-01,韓元KRW/USD,874.3
1985-08-01,韓元KRW/USD,882.9
1985-09-01,韓元KRW/USD,891.6
1985-10-01,韓元KRW/USD,892.2
1985-11-01,韓元KRW/USD,891
1985-12-01,韓元KRW/USD,890.9
1986-01-01,韓元KRW/USD,890.5
1986-02-01,韓元KRW/USD,886.4
1986-03-01,韓元KRW/USD,884.4
1986-04-01,韓元KRW/USD,885.6
1986-05-01,韓元KRW/USD,887.2
1986-06-01,韓元KRW/USD,888.3
1986-07-01,韓元KRW/USD,885.1
1986-08-01,韓元KRW/USD,882.4
1986-09-01,韓元KRW/USD,879.1
1986-10-01,韓元KRW/USD,874.6
1986-11-01,韓元KRW/USD,869.4
1986-12-01,韓元KRW/USD,864.5
1987-01-01,韓元KRW/USD,858.8
1987-02-01,韓元KRW/USD,856.3
1987-03-01,韓元KRW/USD,852
1987-04-01,韓元KRW/USD,840.9
1987-05-01,韓元KRW/USD,828.2
1987-06-01,韓元KRW/USD,814.3
1987-07-01,韓元KRW/USD,808.1
1987-08-01,韓元KRW/USD,808.1
1987-09-01,韓元KRW/USD,806.4
1987-10-01,韓元KRW/USD,804.5
1987-11-01,韓元KRW/USD,798.5
1987-12-01,韓元KRW/USD,794.7
1988-01-01,韓元KRW/USD,787.5
1988-02-01,韓元KRW/USD,773.4
1988-03-01,韓元KRW/USD,753.5
1988-04-01,韓元KRW/USD,741.8
1988-05-01,韓元KRW/USD,735.7
1988-06-01,韓元KRW/USD,729.5
1988-07-01,韓元KRW/USD,725.8
1988-08-01,韓元KRW/USD,722.8
1988-09-01,韓元KRW/USD,720.3
1988-10-01,韓元KRW/USD,709.4
1988-11-01,韓元KRW/USD,693
1988-12-01,韓元KRW/USD,685
1989-01-01,韓元KRW/USD,682.4
1989-02-01,韓元KRW/USD,677
1989-03-01,韓元KRW/USD,673
1989-04-01,韓元KRW/USD,667.4
1989-05-01,韓元KRW/USD,666.6
1989-06-01,韓元KRW/USD,666.7
1989-07-01,韓元KRW/USD,667.3
1989-08-01,韓元KRW/USD,668.4
1989-09-01,韓元KRW/USD,670
1989-10-01,韓元KRW/USD,671.3
1989-11-01,韓元KRW/USD,672.3
1989-12-01,韓元KRW/USD,675.2
1990-01-01,韓元KRW/USD,683.4
1990-02-01,韓元KRW/USD,689.9
1990-03-01,韓元KRW/USD,697.8
1990-04-01,韓元KRW/USD,706
1990-05-01,韓元KRW/USD,709.2
1990-06-01,韓元KRW/USD,715.3
1990-07-01,韓元KRW/USD,715.9
1990-08-01,韓元KRW/USD,715.5
1990-09-01,韓元KRW/USD,715
1990-10-01,韓元KRW/USD,715
1990-11-01,韓元KRW/USD,714.3
1990-12-01,韓元KRW/USD,715.8
1991-01-01,韓元KRW/USD,718.1
1991-02-01,韓元KRW/USD,721.6
1991-03-01,韓元KRW/USD,725.1
1991-04-01,韓元KRW/USD,725.5
1991-05-01,韓元KRW/USD,725.1
1991-06-01,韓元KRW/USD,725.4
1991-07-01,韓元KRW/USD,729
1991-08-01,韓元KRW/USD,731.1
1991-09-01,韓元KRW/USD,739.7
1991-10-01,韓元KRW/USD,749.3
1991-11-01,韓元KRW/USD,753.1
1991-12-01,韓元KRW/USD,757.3
1992-01-01,韓元KRW/USD,762.7
1992-02-01,韓元KRW/USD,765.7
1992-03-01,韓元KRW/USD,771.1
1992-04-01,韓元KRW/USD,778.3
1992-05-01,韓元KRW/USD,782.8
1992-06-01,韓元KRW/USD,789.1
1992-07-01,韓元KRW/USD,787.2
1992-08-01,韓元KRW/USD,789.2
1992-09-01,韓元KRW/USD,785.6
1992-10-01,韓元KRW/USD,783.6
1992-11-01,韓元KRW/USD,784
1992-12-01,韓元KRW/USD,788.6
1993-01-01,韓元KRW/USD,792
1993-02-01,韓元KRW/USD,796.6
1993-03-01,韓元KRW/USD,793.3
1993-04-01,韓元KRW/USD,795.8
1993-05-01,韓元KRW/USD,800
1993-06-01,韓元KRW/USD,802.7
1993-07-01,韓元KRW/USD,806.2
1993-08-01,韓元KRW/USD,810.2
1993-09-01,韓元KRW/USD,808.6
1993-10-01,韓元KRW/USD,810.3
1993-11-01,韓元KRW/USD,807.1
1993-12-01,韓元KRW/USD,809.4
1994-01-01,韓元KRW/USD,810.5
1994-02-01,韓元KRW/USD,805.1
1994-03-01,韓元KRW/USD,807.7
1994-04-01,韓元KRW/USD,808.5
1994-05-01,韓元KRW/USD,806.5
1994-06-01,韓元KRW/USD,806.6
1994-07-01,韓元KRW/USD,805.1
1994-08-01,韓元KRW/USD,803.4
1994-09-01,韓元KRW/USD,800.7
1994-10-01,韓元KRW/USD,798.8
1994-11-01,韓元KRW/USD,796.3
1994-12-01,韓元KRW/USD,791.9
1995-01-01,韓元KRW/USD,790.5
1995-02-01,韓元KRW/USD,790.9
1995-03-01,韓元KRW/USD,778.7
1995-04-01,韓元KRW/USD,761.4
1995-05-01,韓元KRW/USD,761.4
1995-06-01,韓元KRW/USD,761
1995-07-01,韓元KRW/USD,757
1995-08-01,韓元KRW/USD,798
1995-09-01,韓元KRW/USD,772.4
1995-10-01,韓元KRW/USD,767.4
1995-11-01,韓元KRW/USD,769.4
1995-12-01,韓元KRW/USD,771.1
1996-01-01,韓元KRW/USD,787.3
1996-02-01,韓元KRW/USD,780.3
1996-03-01,韓元KRW/USD,781.3
1996-04-01,韓元KRW/USD,780.4
1996-05-01,韓元KRW/USD,780.2
1996-06-01,韓元KRW/USD,798
1996-07-01,韓元KRW/USD,812.8
1996-08-01,韓元KRW/USD,816.8
1996-09-01,韓元KRW/USD,821.8
1996-10-01,韓元KRW/USD,827.6
1996-11-01,韓元KRW/USD,828.1
1996-12-01,韓元KRW/USD,839
1997-01-01,韓元KRW/USD,849.9
1997-02-01,韓元KRW/USD,866.9
1997-03-01,韓元KRW/USD,896.2
1997-04-01,韓元KRW/USD,893.6
1997-05-01,韓元KRW/USD,892.1
1997-06-01,韓元KRW/USD,889.5
1997-07-01,韓元KRW/USD,890.5
1997-08-01,韓元KRW/USD,895.9
1997-09-01,韓元KRW/USD,909.5
1997-10-01,韓元KRW/USD,921.9
1997-11-01,韓元KRW/USD,1025.6
1997-12-01,韓元KRW/USD,1484.1
1998-01-01,韓元KRW/USD,1701.5
1998-02-01,韓元KRW/USD,1626.8
1998-03-01,韓元KRW/USD,1488.9
1998-04-01,韓元KRW/USD,1388.3
1998-05-01,韓元KRW/USD,1400.1
1998-06-01,韓元KRW/USD,1395.3
1998-07-01,韓元KRW/USD,1293.7
1998-08-01,韓元KRW/USD,1312.1
1998-09-01,韓元KRW/USD,1372.6
1998-10-01,韓元KRW/USD,1336.2
1998-11-01,韓元KRW/USD,1290.2
1998-12-01,韓元KRW/USD,1211.5
1999-01-01,韓元KRW/USD,1174
1999-02-01,韓元KRW/USD,1189.1
1999-03-01,韓元KRW/USD,1228.8
1999-04-01,韓元KRW/USD,1205.8
1999-05-01,韓元KRW/USD,1196.8
1999-06-01,韓元KRW/USD,1168.5
1999-07-01,韓元KRW/USD,1187.6
1999-08-01,韓元KRW/USD,1198
1999-09-01,韓元KRW/USD,1199.1
1999-10-01,韓元KRW/USD,1205.2
1999-11-01,韓元KRW/USD,1176
1999-12-01,韓元KRW/USD,1137.1
2000-01-01,韓元KRW/USD,1130.3
2000-02-01,韓元KRW/USD,1129.3
2000-03-01,韓元KRW/USD,1115.8
2000-04-01,韓元KRW/USD,1110
2000-05-01,韓元KRW/USD,1121.4
2000-06-01,韓元KRW/USD,1117.7
2000-07-01,韓元KRW/USD,1115
2000-08-01,韓元KRW/USD,1114.1
2000-09-01,韓元KRW/USD,1117.1
2000-10-01,韓元KRW/USD,1128.9
2000-11-01,韓元KRW/USD,1155.9
2000-12-01,韓元KRW/USD,1216.2
2001-01-01,韓元KRW/USD,1271.9
2001-02-01,韓元KRW/USD,1252.1
2001-03-01,韓元KRW/USD,1291.5
2001-04-01,韓元KRW/USD,1325.4
2001-05-01,韓元KRW/USD,1296.8
2001-06-01,韓元KRW/USD,1294.7
2001-07-01,韓元KRW/USD,1302.7
2001-08-01,韓元KRW/USD,1284.9
2001-09-01,韓元KRW/USD,1295.3
2001-10-01,韓元KRW/USD,1302.6
2001-11-01,韓元KRW/USD,1282.2
2001-12-01,韓元KRW/USD,1291.9
2002-01-01,韓元KRW/USD,1317
2002-02-01,韓元KRW/USD,1319.9
2002-03-01,韓元KRW/USD,1322.7
2002-04-01,韓元KRW/USD,1317.5
2002-05-01,韓元KRW/USD,1261.5
2002-06-01,韓元KRW/USD,1222.1
2002-07-01,韓元KRW/USD,1185
2002-08-01,韓元KRW/USD,1197.7
2002-09-01,韓元KRW/USD,1210.3
2002-10-01,韓元KRW/USD,1240.7
2002-11-01,韓元KRW/USD,1211.4
2002-12-01,韓元KRW/USD,1207.4
2003-01-01,韓元KRW/USD,1178.4
2003-02-01,韓元KRW/USD,1192
2003-03-01,韓元KRW/USD,1236.7
2003-04-01,韓元KRW/USD,1230.5
2003-05-01,韓元KRW/USD,1199.7
2003-06-01,韓元KRW/USD,1193.5
2003-07-01,韓元KRW/USD,1180.4
2003-08-01,韓元KRW/USD,1178.4
2003-09-01,韓元KRW/USD,1164.1
2003-10-01,韓元KRW/USD,1167.9
2003-11-01,韓元KRW/USD,1186
2003-12-01,韓元KRW/USD,1191.9
2004-01-01,韓元KRW/USD,1182.2
2004-02-01,韓元KRW/USD,1166.2
2004-03-01,韓元KRW/USD,1165.1
2004-04-01,韓元KRW/USD,1152
2004-05-01,韓元KRW/USD,1176.2
2004-06-01,韓元KRW/USD,1158.6
2004-07-01,韓元KRW/USD,1158.2
2004-08-01,韓元KRW/USD,1158.1
2004-09-01,韓元KRW/USD,1147.8
2004-10-01,韓元KRW/USD,1142
2004-11-01,韓元KRW/USD,1086.6
2004-12-01,韓元KRW/USD,1050.8
2005-01-01,韓元KRW/USD,1038.1
2005-02-01,韓元KRW/USD,1020.5
2005-03-01,韓元KRW/USD,1008
2005-04-01,韓元KRW/USD,1009.7
2005-05-01,韓元KRW/USD,1002.4
2005-06-01,韓元KRW/USD,1012.2
2005-07-01,韓元KRW/USD,1037.5
2005-08-01,韓元KRW/USD,1021.5
2005-09-01,韓元KRW/USD,1029.5
2005-10-01,韓元KRW/USD,1046.2
2005-11-01,韓元KRW/USD,1040.6
2005-12-01,韓元KRW/USD,1023.1
2006-01-01,韓元KRW/USD,983.8
2006-02-01,韓元KRW/USD,970
2006-03-01,韓元KRW/USD,975.3
2006-04-01,韓元KRW/USD,952.9
2006-05-01,韓元KRW/USD,941.2
2006-06-01,韓元KRW/USD,955.2
2006-07-01,韓元KRW/USD,950.6
2006-08-01,韓元KRW/USD,961
2006-09-01,韓元KRW/USD,952.8
2006-10-01,韓元KRW/USD,954.2
2006-11-01,韓元KRW/USD,935.5
2006-12-01,韓元KRW/USD,925.1
2007-01-01,韓元KRW/USD,936.9
2007-02-01,韓元KRW/USD,937.2
2007-03-01,韓元KRW/USD,943.2
2007-04-01,韓元KRW/USD,931
2007-05-01,韓元KRW/USD,927.4
2007-06-01,韓元KRW/USD,927.5
2007-07-01,韓元KRW/USD,918.5
2007-08-01,韓元KRW/USD,934.9
2007-09-01,韓元KRW/USD,930.9
2007-10-01,韓元KRW/USD,914.8
2007-11-01,韓元KRW/USD,918.1
2007-12-01,韓元KRW/USD,930.8
2008-01-01,韓元KRW/USD,942.7
2008-02-01,韓元KRW/USD,944.4
2008-03-01,韓元KRW/USD,982.5
2008-04-01,韓元KRW/USD,987.2
2008-05-01,韓元KRW/USD,1038.2
2008-06-01,韓元KRW/USD,1031.1
2008-07-01,韓元KRW/USD,1018.2
2008-08-01,韓元KRW/USD,1047.1
2008-09-01,韓元KRW/USD,1136.6
2008-10-01,韓元KRW/USD,1326.9
2008-11-01,韓元KRW/USD,1400.8
2008-12-01,韓元KRW/USD,1368.8
2009-01-01,韓元KRW/USD,1354.7
2009-02-01,韓元KRW/USD,1440.2
2009-03-01,韓元KRW/USD,1453.4
2009-04-01,韓元KRW/USD,1336.3
2009-05-01,韓元KRW/USD,1255.6
2009-06-01,韓元KRW/USD,1262.3
2009-07-01,韓元KRW/USD,1262
2009-08-01,韓元KRW/USD,1239.7
2009-09-01,韓元KRW/USD,1215
2009-10-01,韓元KRW/USD,1174.8
2009-11-01,韓元KRW/USD,1163.2
2009-12-01,韓元KRW/USD,1166.1
2010-01-01,韓元KRW/USD,1138.8
2010-02-01,韓元KRW/USD,1156.8
2010-03-01,韓元KRW/USD,1136.1
2010-04-01,韓元KRW/USD,1115.7
2010-05-01,韓元KRW/USD,1168.4
2010-06-01,韓元KRW/USD,1212.5
2010-07-01,韓元KRW/USD,1204.9
2010-08-01,韓元KRW/USD,1180
2010-09-01,韓元KRW/USD,1162.9
2010-10-01,韓元KRW/USD,1122.2
2010-11-01,韓元KRW/USD,1128.1
2010-12-01,韓元KRW/USD,1146.2
2011-01-01,韓元KRW/USD,1119.4
2011-02-01,韓元KRW/USD,1119.5
2011-03-01,韓元KRW/USD,1120.4
2011-04-01,韓元KRW/USD,1084.8
2011-05-01,韓元KRW/USD,1084.1
2011-06-01,韓元KRW/USD,1080.9
2011-07-01,韓元KRW/USD,1058.5
2011-08-01,韓元KRW/USD,1074.1
2011-09-01,韓元KRW/USD,1125.1
2011-10-01,韓元KRW/USD,1150.3
2011-11-01,韓元KRW/USD,1134.2
2011-12-01,韓元KRW/USD,1148.3
2012-01-01,韓元KRW/USD,1144.6
2012-02-01,韓元KRW/USD,1122.9
2012-03-01,韓元KRW/USD,1126.9
2012-04-01,韓元KRW/USD,1135.4
2012-05-01,韓元KRW/USD,1157.1
2012-06-01,韓元KRW/USD,1163.6
2012-07-01,韓元KRW/USD,1142.3
2012-08-01,韓元KRW/USD,1132.1
2012-09-01,韓元KRW/USD,1123.7
2012-10-01,韓元KRW/USD,1105.5
2012-11-01,韓元KRW/USD,1087.2
2012-12-01,韓元KRW/USD,1076.4
2013-01-01,韓元KRW/USD,1066.5
2013-02-01,韓元KRW/USD,1086.1
2013-03-01,韓元KRW/USD,1103.8
2013-04-01,韓元KRW/USD,1121.1
2013-05-01,韓元KRW/USD,1112.1
2013-06-01,韓元KRW/USD,1136.6
2013-07-01,韓元KRW/USD,1126.6
2013-08-01,韓元KRW/USD,1116.2
2013-09-01,韓元KRW/USD,1084.8
2013-10-01,韓元KRW/USD,1065.7
2013-11-01,韓元KRW/USD,1062.7
2013-12-01,韓元KRW/USD,1056.1
2014-01-01,韓元KRW/USD,1065.8
2014-02-01,韓元KRW/USD,1071
2014-03-01,韓元KRW/USD,1070.7
2014-04-01,韓元KRW/USD,1042.8
2014-05-01,韓元KRW/USD,1024
2014-06-01,韓元KRW/USD,1018.7
2014-07-01,韓元KRW/USD,1020.6
2014-08-01,韓元KRW/USD,1024.6
2014-09-01,韓元KRW/USD,1035.8
2014-10-01,韓元KRW/USD,1060.9
2014-11-01,韓元KRW/USD,1097.1
2014-12-01,韓元KRW/USD,1103.6
2015-01-01,韓元KRW/USD,1088.5
2015-02-01,韓元KRW/USD,1098.4
2015-03-01,韓元KRW/USD,1113.1
2015-04-01,韓元KRW/USD,1085.9
2015-05-01,韓元KRW/USD,1093
2015-06-01,韓元KRW/USD,1112.4
2015-07-01,韓元KRW/USD,1146.2
2015-08-01,韓元KRW/USD,1180
2015-09-01,韓元KRW/USD,1185.1
2015-10-01,韓元KRW/USD,1144.8
2015-11-01,韓元KRW/USD,1153.4
2015-12-01,韓元KRW/USD,1173.2
2016-01-01,韓元KRW/USD,1203.8
2016-02-01,韓元KRW/USD,1220.5
2016-03-01,韓元KRW/USD,1182.2
2016-04-01,韓元KRW/USD,1146.7
2016-05-01,韓元KRW/USD,1174.6
2016-06-01,韓元KRW/USD,1168.4
2016-07-01,韓元KRW/USD,1141.7
2016-08-01,韓元KRW/USD,1111.7
2016-09-01,韓元KRW/USD,1106.8
2016-10-01,韓元KRW/USD,1125.8
2016-11-01,韓元KRW/USD,1159.9
2016-12-01,韓元KRW/USD,1183.3
2017-01-01,韓元KRW/USD,1182.2
2017-02-01,韓元KRW/USD,1143.4
2017-03-01,韓元KRW/USD,1133.9
2017-04-01,韓元KRW/USD,1133.6
2017-05-01,韓元KRW/USD,1124.7
2017-06-01,韓元KRW/USD,1131.6
2017-07-01,韓元KRW/USD,1133.1
2017-08-01,韓元KRW/USD,1131.4
2017-09-01,韓元KRW/USD,1132.9
2017-10-01,韓元KRW/USD,1129.5
2017-11-01,韓元KRW/USD,1102.8
2017-12-01,韓元KRW/USD,1086
2018-01-01,韓元KRW/USD,1066.5
2018-02-01,韓元KRW/USD,1080.7
2018-03-01,韓元KRW/USD,1071.2
2018-04-01,韓元KRW/USD,1068.1
2018-05-01,韓元KRW/USD,1096
2018-06-01,韓元KRW/USD,1096
2018-07-01,韓元KRW/USD,1122.9
2018-08-01,韓元KRW/USD,1121.2
2018-09-01,韓元KRW/USD,1119.9
1960-01-01,人民幣CNY/USD,2.4618
1960-02-01,人民幣CNY/USD,2.4618
1960-03-01,人民幣CNY/USD,2.4618
1960-04-01,人民幣CNY/USD,2.4618
1960-05-01,人民幣CNY/USD,2.4618
1960-06-01,人民幣CNY/USD,2.4618
1960-07-01,人民幣CNY/USD,2.4618
1960-08-01,人民幣CNY/USD,2.4618
1960-09-01,人民幣CNY/USD,2.4618
1960-10-01,人民幣CNY/USD,2.4618
1960-11-01,人民幣CNY/USD,2.4618
1960-12-01,人民幣CNY/USD,2.4618
1961-01-01,人民幣CNY/USD,2.4618
1961-02-01,人民幣CNY/USD,2.4618
1961-03-01,人民幣CNY/USD,2.4618
1961-04-01,人民幣CNY/USD,2.4618
1961-05-01,人民幣CNY/USD,2.4618
1961-06-01,人民幣CNY/USD,2.4618
1961-07-01,人民幣CNY/USD,2.4618
1961-08-01,人民幣CNY/USD,2.4618
1961-09-01,人民幣CNY/USD,2.4618
1961-10-01,人民幣CNY/USD,2.4618
1961-11-01,人民幣CNY/USD,2.4618
1961-12-01,人民幣CNY/USD,2.4618
1962-01-01,人民幣CNY/USD,2.4618
1962-02-01,人民幣CNY/USD,2.4618
1962-03-01,人民幣CNY/USD,2.4618
1962-04-01,人民幣CNY/USD,2.4618
1962-05-01,人民幣CNY/USD,2.4618
1962-06-01,人民幣CNY/USD,2.4618
1962-07-01,人民幣CNY/USD,2.4618
1962-08-01,人民幣CNY/USD,2.4618
1962-09-01,人民幣CNY/USD,2.4618
1962-10-01,人民幣CNY/USD,2.4618
1962-11-01,人民幣CNY/USD,2.4618
1962-12-01,人民幣CNY/USD,2.4618
1963-01-01,人民幣CNY/USD,2.4618
1963-02-01,人民幣CNY/USD,2.4618
1963-03-01,人民幣CNY/USD,2.4618
1963-04-01,人民幣CNY/USD,2.4618
1963-05-01,人民幣CNY/USD,2.4618
1963-06-01,人民幣CNY/USD,2.4618
1963-07-01,人民幣CNY/USD,2.4618
1963-08-01,人民幣CNY/USD,2.4618
1963-09-01,人民幣CNY/USD,2.4618
1963-10-01,人民幣CNY/USD,2.4618
1963-11-01,人民幣CNY/USD,2.4618
1963-12-01,人民幣CNY/USD,2.4618
1964-01-01,人民幣CNY/USD,2.4618
1964-02-01,人民幣CNY/USD,2.4618
1964-03-01,人民幣CNY/USD,2.4618
1964-04-01,人民幣CNY/USD,2.4618
1964-05-01,人民幣CNY/USD,2.4618
1964-06-01,人民幣CNY/USD,2.4618
1964-07-01,人民幣CNY/USD,2.4618
1964-08-01,人民幣CNY/USD,2.4618
1964-09-01,人民幣CNY/USD,2.4618
1964-10-01,人民幣CNY/USD,2.4618
1964-11-01,人民幣CNY/USD,2.4618
1964-12-01,人民幣CNY/USD,2.4618
1965-01-01,人民幣CNY/USD,2.4618
1965-02-01,人民幣CNY/USD,2.4618
1965-03-01,人民幣CNY/USD,2.4618
1965-04-01,人民幣CNY/USD,2.4618
1965-05-01,人民幣CNY/USD,2.4618
1965-06-01,人民幣CNY/USD,2.4618
1965-07-01,人民幣CNY/USD,2.4618
1965-08-01,人民幣CNY/USD,2.4618
1965-09-01,人民幣CNY/USD,2.4618
1965-10-01,人民幣CNY/USD,2.4618
1965-11-01,人民幣CNY/USD,2.4618
1965-12-01,人民幣CNY/USD,2.4618
1966-01-01,人民幣CNY/USD,2.4618
1966-02-01,人民幣CNY/USD,2.4618
1966-03-01,人民幣CNY/USD,2.4618
1966-04-01,人民幣CNY/USD,2.4618
1966-05-01,人民幣CNY/USD,2.4618
1966-06-01,人民幣CNY/USD,2.4618
1966-07-01,人民幣CNY/USD,2.4618
1966-08-01,人民幣CNY/USD,2.4618
1966-09-01,人民幣CNY/USD,2.4618
1966-10-01,人民幣CNY/USD,2.4618
1966-11-01,人民幣CNY/USD,2.4618
1966-12-01,人民幣CNY/USD,2.4618
1967-01-01,人民幣CNY/USD,2.4618
1967-02-01,人民幣CNY/USD,2.4618
1967-03-01,人民幣CNY/USD,2.4618
1967-04-01,人民幣CNY/USD,2.4618
1967-05-01,人民幣CNY/USD,2.4618
1967-06-01,人民幣CNY/USD,2.4618
1967-07-01,人民幣CNY/USD,2.4618
1967-08-01,人民幣CNY/USD,2.4618
1967-09-01,人民幣CNY/USD,2.4618
1967-10-01,人民幣CNY/USD,2.4618
1967-11-01,人民幣CNY/USD,2.4618
1967-12-01,人民幣CNY/USD,2.4618
1968-01-01,人民幣CNY/USD,2.4618
1968-02-01,人民幣CNY/USD,2.4618
1968-03-01,人民幣CNY/USD,2.4618
1968-04-01,人民幣CNY/USD,2.4618
1968-05-01,人民幣CNY/USD,2.4618
1968-06-01,人民幣CNY/USD,2.4618
1968-07-01,人民幣CNY/USD,2.4618
1968-08-01,人民幣CNY/USD,2.4618
1968-09-01,人民幣CNY/USD,2.4618
1968-10-01,人民幣CNY/USD,2.4618
1968-11-01,人民幣CNY/USD,2.4618
1968-12-01,人民幣CNY/USD,2.4618
1969-01-01,人民幣CNY/USD,2.4618
1969-02-01,人民幣CNY/USD,2.4618
1969-03-01,人民幣CNY/USD,2.4618
1969-04-01,人民幣CNY/USD,2.4618
1969-05-01,人民幣CNY/USD,2.4618
1969-06-01,人民幣CNY/USD,2.4618
1969-07-01,人民幣CNY/USD,2.4618
1969-08-01,人民幣CNY/USD,2.4618
1969-09-01,人民幣CNY/USD,2.4618
1969-10-01,人民幣CNY/USD,2.4618
1969-11-01,人民幣CNY/USD,2.4618
1969-12-01,人民幣CNY/USD,2.4618
1970-01-01,人民幣CNY/USD,2.4618
1970-02-01,人民幣CNY/USD,2.4618
1970-03-01,人民幣CNY/USD,2.4618
1970-04-01,人民幣CNY/USD,2.4618
1970-05-01,人民幣CNY/USD,2.4618
1970-06-01,人民幣CNY/USD,2.4618
1970-07-01,人民幣CNY/USD,2.4618
1970-08-01,人民幣CNY/USD,2.4618
1970-09-01,人民幣CNY/USD,2.4618
1970-10-01,人民幣CNY/USD,2.4618
1970-11-01,人民幣CNY/USD,2.4618
1970-12-01,人民幣CNY/USD,2.4618
1971-01-01,人民幣CNY/USD,2.4618
1971-02-01,人民幣CNY/USD,2.4618
1971-03-01,人民幣CNY/USD,2.4618
1971-04-01,人民幣CNY/USD,2.4618
1971-05-01,人民幣CNY/USD,2.4618
1971-06-01,人民幣CNY/USD,2.4618
1971-07-01,人民幣CNY/USD,2.4618
1971-08-01,人民幣CNY/USD,2.4618
1971-09-01,人民幣CNY/USD,2.4618
1971-10-01,人民幣CNY/USD,2.4618
1971-11-01,人民幣CNY/USD,2.4618
1971-12-01,人民幣CNY/USD,2.4618
1972-01-01,人民幣CNY/USD,2.2673
1972-02-01,人民幣CNY/USD,2.2673
1972-03-01,人民幣CNY/USD,2.2673
1972-04-01,人民幣CNY/USD,2.2673
1972-05-01,人民幣CNY/USD,2.2673
1972-06-01,人民幣CNY/USD,2.2673
1972-07-01,人民幣CNY/USD,2.2174
1972-08-01,人民幣CNY/USD,2.2174
1972-09-01,人民幣CNY/USD,2.2174
1972-10-01,人民幣CNY/USD,2.2174
1972-11-01,人民幣CNY/USD,2.2272
1972-12-01,人民幣CNY/USD,2.2401
1973-01-01,人民幣CNY/USD,2.2401
1973-02-01,人民幣CNY/USD,2.1295
1973-03-01,人民幣CNY/USD,1.9901
1973-04-01,人民幣CNY/USD,2.0064
1973-05-01,人民幣CNY/USD,1.9833
1973-06-01,人民幣CNY/USD,1.9164
1973-07-01,人民幣CNY/USD,1.8772
1973-08-01,人民幣CNY/USD,1.922
1973-09-01,人民幣CNY/USD,1.9213
1973-10-01,人民幣CNY/USD,1.9113
1973-11-01,人民幣CNY/USD,1.9701
1973-12-01,人民幣CNY/USD,2.0052
1974-01-01,人民幣CNY/USD,2.0358
1974-02-01,人民幣CNY/USD,2.0186
1974-03-01,人民幣CNY/USD,1.9904
1974-04-01,人民幣CNY/USD,1.955
1974-05-01,人民幣CNY/USD,1.9011
1974-06-01,人民幣CNY/USD,1.9395
1974-07-01,人民幣CNY/USD,1.9463
1974-08-01,人民幣CNY/USD,1.9739
1974-09-01,人民幣CNY/USD,2.002
1974-10-01,人民幣CNY/USD,1.9662
1974-11-01,人民幣CNY/USD,1.9275
1974-12-01,人民幣CNY/USD,1.8769
1975-01-01,人民幣CNY/USD,1.8155
1975-02-01,人民幣CNY/USD,1.7867
1975-03-01,人民幣CNY/USD,1.7581
1975-04-01,人民幣CNY/USD,1.7867
1975-05-01,人民幣CNY/USD,1.7762
1975-06-01,人民幣CNY/USD,1.7693
1975-07-01,人民幣CNY/USD,1.8536
1975-08-01,人民幣CNY/USD,1.9414
1975-09-01,人民幣CNY/USD,1.9639
1975-10-01,人民幣CNY/USD,1.9524
1975-11-01,人民幣CNY/USD,1.9478
1975-12-01,人民幣CNY/USD,1.9662
1976-01-01,人民幣CNY/USD,1.9662
1976-02-01,人民幣CNY/USD,1.9512
1976-03-01,人民幣CNY/USD,1.9612
1976-04-01,人民幣CNY/USD,1.9643
1976-05-01,人民幣CNY/USD,1.9685
1976-06-01,人民幣CNY/USD,1.9677
1976-07-01,人民幣CNY/USD,1.9569
1976-08-01,人民幣CNY/USD,1.9387
1976-09-01,人民幣CNY/USD,1.9187
1976-10-01,人民幣CNY/USD,1.9077
1976-11-01,人民幣CNY/USD,1.9026
1976-12-01,人民幣CNY/USD,1.8932
1977-01-01,人民幣CNY/USD,1.8972
1977-02-01,人民幣CNY/USD,1.9102
1977-03-01,人民幣CNY/USD,1.9011
1977-04-01,人民幣CNY/USD,1.8896
1977-05-01,人民幣CNY/USD,1.8776
1977-06-01,人民幣CNY/USD,1.8765
1977-07-01,人民幣CNY/USD,1.8536
1977-08-01,人民幣CNY/USD,1.8467
1977-09-01,人民幣CNY/USD,1.8484
1977-10-01,人民幣CNY/USD,1.8325
1977-11-01,人民幣CNY/USD,1.8051
1977-12-01,人民幣CNY/USD,1.5171
1978-01-01,人民幣CNY/USD,1.7082
1978-02-01,人民幣CNY/USD,1.6773
1978-03-01,人民幣CNY/USD,1.6592
1978-04-01,人民幣CNY/USD,1.6923
1978-05-01,人民幣CNY/USD,1.7316
1978-06-01,人民幣CNY/USD,1.725
1978-07-01,人民幣CNY/USD,1.715
1978-08-01,人民幣CNY/USD,1.6946
1978-09-01,人民幣CNY/USD,1.6938
1978-10-01,人民幣CNY/USD,1.6573
1978-11-01,人民幣CNY/USD,1.6348
1978-12-01,人民幣CNY/USD,1.6139
1979-01-01,人民幣CNY/USD,1.5823
1979-02-01,人民幣CNY/USD,1.5739
1979-03-01,人民幣CNY/USD,1.5716
1979-04-01,人民幣CNY/USD,1.5828
1979-05-01,人民幣CNY/USD,1.5898
1979-06-01,人民幣CNY/USD,1.5775
1979-07-01,人民幣CNY/USD,1.5446
1979-08-01,人民幣CNY/USD,1.5458
1979-09-01,人民幣CNY/USD,1.5328
1979-10-01,人民幣CNY/USD,1.5256
1979-11-01,人民幣CNY/USD,1.5258
1979-12-01,人民幣CNY/USD,1.5067
1980-01-01,人民幣CNY/USD,1.4937
1980-02-01,人民幣CNY/USD,1.5006
1980-03-01,人民幣CNY/USD,1.5511
1980-04-01,人民幣CNY/USD,1.547
1980-05-01,人民幣CNY/USD,1.4905
1980-06-01,人民幣CNY/USD,1.465
1980-07-01,人民幣CNY/USD,1.4525
1980-08-01,人民幣CNY/USD,1.4726
1980-09-01,人民幣CNY/USD,1.4681
1980-10-01,人民幣CNY/USD,1.4803
1980-11-01,人民幣CNY/USD,1.5173
1980-12-01,人民幣CNY/USD,1.5419
1981-01-01,人民幣CNY/USD,1.5487
1981-02-01,人民幣CNY/USD,1.6106
1981-03-01,人民幣CNY/USD,1.628
1981-04-01,人民幣CNY/USD,1.662
1981-05-01,人民幣CNY/USD,1.7227
1981-06-01,人民幣CNY/USD,1.7605
1981-07-01,人民幣CNY/USD,1.7538
1981-08-01,人民幣CNY/USD,1.7952
1981-09-01,人民幣CNY/USD,1.7501
1981-10-01,人民幣CNY/USD,1.7505
1981-11-01,人民幣CNY/USD,1.7346
1981-12-01,人民幣CNY/USD,1.7378
1982-01-01,人民幣CNY/USD,1.7677
1982-02-01,人民幣CNY/USD,1.8174
1982-03-01,人民幣CNY/USD,1.8379
1982-04-01,人民幣CNY/USD,1.8519
1982-05-01,人民幣CNY/USD,1.8097
1982-06-01,人民幣CNY/USD,1.897
1982-07-01,人民幣CNY/USD,1.9236
1982-08-01,人民幣CNY/USD,1.9387
1982-09-01,人民幣CNY/USD,1.9504
1982-10-01,人民幣CNY/USD,1.9822
1982-11-01,人民幣CNY/USD,1.9941
1982-12-01,人民幣CNY/USD,1.9399
1983-01-01,人民幣CNY/USD,1.9201
1983-02-01,人民幣CNY/USD,1.9603
1983-03-01,人民幣CNY/USD,1.978
1983-04-01,人民幣CNY/USD,1.9872
1983-05-01,人民幣CNY/USD,1.9852
1983-06-01,人民幣CNY/USD,1.9895
1983-07-01,人民幣CNY/USD,1.9888
1983-08-01,人民幣CNY/USD,1.98
1983-09-01,人民幣CNY/USD,1.9814
1983-10-01,人民幣CNY/USD,1.9617
1983-11-01,人民幣CNY/USD,1.989
1983-12-01,人民幣CNY/USD,1.9869
1984-01-01,人民幣CNY/USD,2.0412
1984-02-01,人民幣CNY/USD,2.0572
1984-03-01,人民幣CNY/USD,2.0608
1984-04-01,人民幣CNY/USD,2.0891
1984-05-01,人民幣CNY/USD,2.1821
1984-06-01,人民幣CNY/USD,2.2122
1984-07-01,人民幣CNY/USD,2.2939
1984-08-01,人民幣CNY/USD,2.3643
1984-09-01,人民幣CNY/USD,2.5326
1984-10-01,人民幣CNY/USD,2.5564
1984-11-01,人民幣CNY/USD,2.6616
1984-12-01,人民幣CNY/USD,2.7891
1985-01-01,人民幣CNY/USD,2.8088
1985-02-01,人民幣CNY/USD,2.8251
1985-03-01,人民幣CNY/USD,2.8459
1985-04-01,人民幣CNY/USD,2.8411
1985-05-01,人民幣CNY/USD,2.8475
1985-06-01,人民幣CNY/USD,2.8625
1985-07-01,人民幣CNY/USD,2.8738
1985-08-01,人民幣CNY/USD,2.9023
1985-09-01,人民幣CNY/USD,2.9626
1985-10-01,人民幣CNY/USD,3.0673
1985-11-01,人民幣CNY/USD,3.2015
1985-12-01,人民幣CNY/USD,3.2015
1986-01-01,人民幣CNY/USD,3.2015
1986-02-01,人民幣CNY/USD,3.207
1986-03-01,人民幣CNY/USD,3.212
1986-04-01,人民幣CNY/USD,3.2061
1986-05-01,人民幣CNY/USD,3.1944
1986-06-01,人民幣CNY/USD,3.2035
1986-07-01,人民幣CNY/USD,3.6382
1986-08-01,人民幣CNY/USD,3.7036
1986-09-01,人民幣CNY/USD,3.7066
1986-10-01,人民幣CNY/USD,3.7164
1986-11-01,人民幣CNY/USD,3.7221
1986-12-01,人民幣CNY/USD,3.7221
1987-01-01,人民幣CNY/USD,3.7221
1987-02-01,人民幣CNY/USD,3.7221
1987-03-01,人民幣CNY/USD,3.7221
1987-04-01,人民幣CNY/USD,3.7221
1987-05-01,人民幣CNY/USD,3.7221
1987-06-01,人民幣CNY/USD,3.7221
1987-07-01,人民幣CNY/USD,3.7221
1987-08-01,人民幣CNY/USD,3.7221
1987-09-01,人民幣CNY/USD,3.7221
1987-10-01,人民幣CNY/USD,3.7221
1987-11-01,人民幣CNY/USD,3.7221
1987-12-01,人民幣CNY/USD,3.7221
1988-01-01,人民幣CNY/USD,3.7221
1988-02-01,人民幣CNY/USD,3.7221
1988-03-01,人民幣CNY/USD,3.7221
1988-04-01,人民幣CNY/USD,3.7221
1988-05-01,人民幣CNY/USD,3.7221
1988-06-01,人民幣CNY/USD,3.7221
1988-07-01,人民幣CNY/USD,3.7221
1988-08-01,人民幣CNY/USD,3.7221
1988-09-01,人民幣CNY/USD,3.7221
1988-10-01,人民幣CNY/USD,3.7221
1988-11-01,人民幣CNY/USD,3.7221
1988-12-01,人民幣CNY/USD,3.7221
1989-01-01,人民幣CNY/USD,3.7221
1989-02-01,人民幣CNY/USD,3.7221
1989-03-01,人民幣CNY/USD,3.7221
1989-04-01,人民幣CNY/USD,3.7221
1989-05-01,人民幣CNY/USD,3.7221
1989-06-01,人民幣CNY/USD,3.7221
1989-07-01,人民幣CNY/USD,3.7221
1989-08-01,人民幣CNY/USD,3.7221
1989-09-01,人民幣CNY/USD,3.7221
1989-10-01,人民幣CNY/USD,3.7221
1989-11-01,人民幣CNY/USD,3.7221
1989-12-01,人民幣CNY/USD,4.2382
1990-01-01,人民幣CNY/USD,4.7221
1990-02-01,人民幣CNY/USD,4.7221
1990-03-01,人民幣CNY/USD,4.7221
1990-04-01,人民幣CNY/USD,4.7221
1990-05-01,人民幣CNY/USD,4.7221
1990-06-01,人民幣CNY/USD,4.7221
1990-07-01,人民幣CNY/USD,4.7221
1990-08-01,人民幣CNY/USD,4.7221
1990-09-01,人民幣CNY/USD,4.7221
1990-10-01,人民幣CNY/USD,4.7221
1990-11-01,人民幣CNY/USD,4.9554
1990-12-01,人民幣CNY/USD,5.2221
1991-01-01,人民幣CNY/USD,5.2221
1991-02-01,人民幣CNY/USD,5.2221
1991-03-01,人民幣CNY/USD,5.2221
1991-04-01,人民幣CNY/USD,5.2659
1991-05-01,人民幣CNY/USD,5.3139
1991-06-01,人民幣CNY/USD,5.3535
1991-07-01,人民幣CNY/USD,5.3555
1991-08-01,人民幣CNY/USD,5.3593
1991-09-01,人民幣CNY/USD,5.3735
1991-10-01,人民幣CNY/USD,5.379
1991-11-01,人民幣CNY/USD,5.4007
1991-12-01,人民幣CNY/USD,5.4131
1992-01-01,人民幣CNY/USD,5.8744
1992-02-01,人民幣CNY/USD,5.91
1992-03-01,人民幣CNY/USD,5.995
1992-04-01,人民幣CNY/USD,6.1125
1992-05-01,人民幣CNY/USD,6.295
1992-06-01,人民幣CNY/USD,6.435
1992-07-01,人民幣CNY/USD,6.6975
1992-08-01,人民幣CNY/USD,7.0575
1992-09-01,人民幣CNY/USD,6.935
1992-10-01,人民幣CNY/USD,6.875
1992-11-01,人民幣CNY/USD,7.015
1992-12-01,人民幣CNY/USD,7.3375
1993-01-01,人民幣CNY/USD,7.9909
1993-02-01,人民幣CNY/USD,8.5662
1993-03-01,人民幣CNY/USD,8.1424
1993-04-01,人民幣CNY/USD,8.2242
1993-05-01,人民幣CNY/USD,8.6041
1993-06-01,人民幣CNY/USD,10.4251
1993-07-01,人民幣CNY/USD,8.8519
1993-08-01,人民幣CNY/USD,8.7409
1993-09-01,人民幣CNY/USD,8.7227
1993-10-01,人民幣CNY/USD,8.7144
1993-11-01,人民幣CNY/USD,8.7
1993-12-01,人民幣CNY/USD,8.6999
1994-01-01,人民幣CNY/USD,8.7
1994-02-01,人民幣CNY/USD,8.7028
1994-03-01,人民幣CNY/USD,8.7028
1994-04-01,人民幣CNY/USD,8.6955
1994-05-01,人民幣CNY/USD,8.6649
1994-06-01,人民幣CNY/USD,8.6572
1994-07-01,人民幣CNY/USD,8.6403
1994-08-01,人民幣CNY/USD,8.5898
1994-09-01,人民幣CNY/USD,8.5403
1994-10-01,人民幣CNY/USD,8.5293
1994-11-01,人民幣CNY/USD,8.5169
1994-12-01,人民幣CNY/USD,8.4851
1995-01-01,人民幣CNY/USD,8.4413
1995-02-01,人民幣CNY/USD,8.4354
1995-03-01,人民幣CNY/USD,8.4276
1995-04-01,人民幣CNY/USD,8.4225
1995-05-01,人民幣CNY/USD,8.318
1995-06-01,人民幣CNY/USD,8.3009
1995-07-01,人民幣CNY/USD,8.3007
1995-08-01,人民幣CNY/USD,8.3075
1995-09-01,人民幣CNY/USD,8.3185
1995-10-01,人民幣CNY/USD,8.3155
1995-11-01,人民幣CNY/USD,8.3135
1995-12-01,人民幣CNY/USD,8.3156
1996-01-01,人民幣CNY/USD,8.3186
1996-02-01,人民幣CNY/USD,8.3132
1996-03-01,人民幣CNY/USD,8.3289
1996-04-01,人民幣CNY/USD,8.3315
1996-05-01,人民幣CNY/USD,8.3288
1996-06-01,人民幣CNY/USD,8.3225
1996-07-01,人民幣CNY/USD,8.316
1996-08-01,人民幣CNY/USD,8.3081
1996-09-01,人民幣CNY/USD,8.3043
1996-10-01,人民幣CNY/USD,8.2999
1996-11-01,人民幣CNY/USD,8.2993
1996-12-01,人民幣CNY/USD,8.299
1997-01-01,人民幣CNY/USD,8.2963
1997-02-01,人民幣CNY/USD,8.2929
1997-03-01,人民幣CNY/USD,8.2957
1997-04-01,人民幣CNY/USD,8.2957
1997-05-01,人民幣CNY/USD,8.2929
1997-06-01,人民幣CNY/USD,8.2921
1997-07-01,人民幣CNY/USD,8.2911
1997-08-01,人民幣CNY/USD,8.2894
1997-09-01,人民幣CNY/USD,8.2872
1997-10-01,人民幣CNY/USD,8.2838
1997-11-01,人民幣CNY/USD,8.2811
1997-12-01,人民幣CNY/USD,8.2796
1998-01-01,人民幣CNY/USD,8.2798
1998-02-01,人民幣CNY/USD,8.279
1998-03-01,人民幣CNY/USD,8.2792
1998-04-01,人民幣CNY/USD,8.2792
1998-05-01,人民幣CNY/USD,8.279
1998-06-01,人民幣CNY/USD,8.2797
1998-07-01,人民幣CNY/USD,8.2798
1998-08-01,人民幣CNY/USD,8.2799
1998-09-01,人民幣CNY/USD,8.279
1998-10-01,人民幣CNY/USD,8.2778
1998-11-01,人民幣CNY/USD,8.2778
1998-12-01,人民幣CNY/USD,8.2779
1999-01-01,人民幣CNY/USD,8.279
1999-02-01,人民幣CNY/USD,8.278
1999-03-01,人民幣CNY/USD,8.2791
1999-04-01,人民幣CNY/USD,8.2792
1999-05-01,人民幣CNY/USD,8.2785
1999-06-01,人民幣CNY/USD,8.278
1999-07-01,人民幣CNY/USD,8.2776
1999-08-01,人民幣CNY/USD,8.2773
1999-09-01,人民幣CNY/USD,8.2774
1999-10-01,人民幣CNY/USD,8.2774
1999-11-01,人民幣CNY/USD,8.2782
1999-12-01,人民幣CNY/USD,8.2793
2000-01-01,人民幣CNY/USD,8.2793
2000-02-01,人民幣CNY/USD,8.2781
2000-03-01,人民幣CNY/USD,8.2786
2000-04-01,人民幣CNY/USD,8.2793
2000-05-01,人民幣CNY/USD,8.2781
2000-06-01,人民幣CNY/USD,8.2772
2000-07-01,人民幣CNY/USD,8.2794
2000-08-01,人民幣CNY/USD,8.2796
2000-09-01,人民幣CNY/USD,8.2796
2000-10-01,人民幣CNY/USD,8.2785
2000-11-01,人民幣CNY/USD,8.2774
2000-12-01,人民幣CNY/USD,8.2772
2001-01-01,人民幣CNY/USD,8.2776
2001-02-01,人民幣CNY/USD,8.2771
2001-03-01,人民幣CNY/USD,8.2775
2001-04-01,人民幣CNY/USD,8.2771
2001-05-01,人民幣CNY/USD,8.2773
2001-06-01,人民幣CNY/USD,8.277
2001-07-01,人民幣CNY/USD,8.2769
2001-08-01,人民幣CNY/USD,8.277
2001-09-01,人民幣CNY/USD,8.2768
2001-10-01,人民幣CNY/USD,8.2768
2001-11-01,人民幣CNY/USD,8.2769
2001-12-01,人民幣CNY/USD,8.2769
2002-01-01,人民幣CNY/USD,8.2767
2002-02-01,人民幣CNY/USD,8.2767
2002-03-01,人民幣CNY/USD,8.2771
2002-04-01,人民幣CNY/USD,8.2772
2002-05-01,人民幣CNY/USD,8.277
2002-06-01,人民幣CNY/USD,8.2771
2002-07-01,人民幣CNY/USD,8.2768
2002-08-01,人民幣CNY/USD,8.2767
2002-09-01,人民幣CNY/USD,8.277
2002-10-01,人民幣CNY/USD,8.277
2002-11-01,人民幣CNY/USD,8.2771
2002-12-01,人民幣CNY/USD,8.2772
2003-01-01,人民幣CNY/USD,8.2768
2003-02-01,人民幣CNY/USD,8.2773
2003-03-01,人民幣CNY/USD,8.2772
2003-04-01,人民幣CNY/USD,8.2771
2003-05-01,人民幣CNY/USD,8.2769
2003-06-01,人民幣CNY/USD,8.2771
2003-07-01,人民幣CNY/USD,8.2772
2003-08-01,人民幣CNY/USD,8.277
2003-09-01,人民幣CNY/USD,8.2771
2003-10-01,人民幣CNY/USD,8.2768
2003-11-01,人民幣CNY/USD,8.2769
2003-12-01,人民幣CNY/USD,8.277
2004-01-01,人民幣CNY/USD,8.277
2004-02-01,人民幣CNY/USD,8.2771
2004-03-01,人民幣CNY/USD,8.2771
2004-04-01,人民幣CNY/USD,8.2769
2004-05-01,人民幣CNY/USD,8.2771
2004-06-01,人民幣CNY/USD,8.2767
2004-07-01,人民幣CNY/USD,8.2767
2004-08-01,人民幣CNY/USD,8.2768
2004-09-01,人民幣CNY/USD,8.2767
2004-10-01,人民幣CNY/USD,8.2765
2004-11-01,人民幣CNY/USD,8.2765
2004-12-01,人民幣CNY/USD,8.2765
2005-01-01,人民幣CNY/USD,8.2765
2005-02-01,人民幣CNY/USD,8.2765
2005-03-01,人民幣CNY/USD,8.2765
2005-04-01,人民幣CNY/USD,8.2765
2005-05-01,人民幣CNY/USD,8.2765
2005-06-01,人民幣CNY/USD,8.2765
2005-07-01,人民幣CNY/USD,8.23
2005-08-01,人民幣CNY/USD,8.1017
2005-09-01,人民幣CNY/USD,8.0919
2005-10-01,人民幣CNY/USD,8.0894
2005-11-01,人民幣CNY/USD,8.0841
2005-12-01,人民幣CNY/USD,8.0757
2006-01-01,人民幣CNY/USD,8.0664
2006-02-01,人民幣CNY/USD,8.0495
2006-03-01,人民幣CNY/USD,8.035
2006-04-01,人民幣CNY/USD,8.0156
2006-05-01,人民幣CNY/USD,8.0145
2006-06-01,人民幣CNY/USD,8.0067
2006-07-01,人民幣CNY/USD,7.9908
2006-08-01,人民幣CNY/USD,7.9733
2006-09-01,人民幣CNY/USD,7.9362
2006-10-01,人民幣CNY/USD,7.9032
2006-11-01,人民幣CNY/USD,7.8661
2006-12-01,人民幣CNY/USD,7.824
2007-01-01,人民幣CNY/USD,7.7896
2007-02-01,人民幣CNY/USD,7.7546
2007-03-01,人民幣CNY/USD,7.739
2007-04-01,人民幣CNY/USD,7.7257
2007-05-01,人民幣CNY/USD,7.6734
2007-06-01,人民幣CNY/USD,7.633
2007-07-01,人民幣CNY/USD,7.5796
2007-08-01,人民幣CNY/USD,7.5753
2007-09-01,人民幣CNY/USD,7.5243
2007-10-01,人民幣CNY/USD,7.5006
2007-11-01,人民幣CNY/USD,7.4233
2007-12-01,人民幣CNY/USD,7.372
2008-01-01,人民幣CNY/USD,7.2478
2008-02-01,人民幣CNY/USD,7.165
2008-03-01,人民幣CNY/USD,7.0752
2008-04-01,人民幣CNY/USD,7.0008
2008-05-01,人民幣CNY/USD,6.9741
2008-06-01,人民幣CNY/USD,6.8984
2008-07-01,人民幣CNY/USD,6.8376
2008-08-01,人民幣CNY/USD,6.8515
2008-09-01,人民幣CNY/USD,6.8306
2008-10-01,人民幣CNY/USD,6.8316
2008-11-01,人民幣CNY/USD,6.8286
2008-12-01,人民幣CNY/USD,6.8427
2009-01-01,人民幣CNY/USD,6.8381
2009-02-01,人民幣CNY/USD,6.8358
2009-03-01,人民幣CNY/USD,6.8382
2009-04-01,人民幣CNY/USD,6.8312
2009-05-01,人民幣CNY/USD,6.8246
2009-06-01,人民幣CNY/USD,6.8332
2009-07-01,人民幣CNY/USD,6.832
2009-08-01,人民幣CNY/USD,6.8322
2009-09-01,人民幣CNY/USD,6.8289
2009-10-01,人民幣CNY/USD,6.8275
2009-11-01,人民幣CNY/USD,6.8274
2009-12-01,人民幣CNY/USD,6.8279
2010-01-01,人民幣CNY/USD,6.8273
2010-02-01,人民幣CNY/USD,6.827
2010-03-01,人民幣CNY/USD,6.8264
2010-04-01,人民幣CNY/USD,6.8262
2010-05-01,人民幣CNY/USD,6.8274
2010-06-01,人民幣CNY/USD,6.8165
2010-07-01,人民幣CNY/USD,6.7777
2010-08-01,人民幣CNY/USD,6.7901
2010-09-01,人民幣CNY/USD,6.742
2010-10-01,人民幣CNY/USD,6.6732
2010-11-01,人民幣CNY/USD,6.6558
2010-12-01,人民幣CNY/USD,6.6536
2011-01-01,人民幣CNY/USD,6.6034
2011-02-01,人民幣CNY/USD,6.584
2011-03-01,人民幣CNY/USD,6.5662
2011-04-01,人民幣CNY/USD,6.5292
2011-05-01,人民幣CNY/USD,6.4995
2011-06-01,人民幣CNY/USD,6.4778
2011-07-01,人民幣CNY/USD,6.4612
2011-08-01,人民幣CNY/USD,6.409
2011-09-01,人民幣CNY/USD,6.3828
2011-10-01,人民幣CNY/USD,6.3565
2011-11-01,人民幣CNY/USD,6.3392
2011-12-01,人民幣CNY/USD,6.3286
2012-01-01,人民幣CNY/USD,6.3158
2012-02-01,人民幣CNY/USD,6.3004
2012-03-01,人民幣CNY/USD,6.3081
2012-04-01,人民幣CNY/USD,6.2966
2012-05-01,人民幣CNY/USD,6.3054
2012-06-01,人民幣CNY/USD,6.3178
2012-07-01,人民幣CNY/USD,6.324
2012-08-01,人民幣CNY/USD,6.3404
2012-09-01,人民幣CNY/USD,6.3394
2012-10-01,人民幣CNY/USD,6.3144
2012-11-01,人民幣CNY/USD,6.2958
2012-12-01,人民幣CNY/USD,6.2901
2013-01-01,人民幣CNY/USD,6.2787
2013-02-01,人民幣CNY/USD,6.2842
2013-03-01,人民幣CNY/USD,6.2746
2013-04-01,人民幣CNY/USD,6.2471
2013-05-01,人民幣CNY/USD,6.1978
2013-06-01,人民幣CNY/USD,6.1708
2013-07-01,人民幣CNY/USD,6.1718
2013-08-01,人民幣CNY/USD,6.1708
2013-09-01,人民幣CNY/USD,6.1582
2013-10-01,人民幣CNY/USD,6.1404
2013-11-01,人民幣CNY/USD,6.1376
2013-12-01,人民幣CNY/USD,6.1172
2014-01-01,人民幣CNY/USD,6.1039
2014-02-01,人民幣CNY/USD,6.1133
2014-03-01,人民幣CNY/USD,6.1369
2014-04-01,人民幣CNY/USD,6.1551
2014-05-01,人民幣CNY/USD,6.1629
2014-06-01,人民幣CNY/USD,6.1564
2014-07-01,人民幣CNY/USD,6.1675
2014-08-01,人民幣CNY/USD,6.1606
2014-09-01,人民幣CNY/USD,6.1521
2014-10-01,人民幣CNY/USD,6.144
2014-11-01,人民幣CNY/USD,6.1443
2014-12-01,人民幣CNY/USD,6.1242
2015-01-01,人民幣CNY/USD,6.1274
2015-02-01,人民幣CNY/USD,6.1344
2015-03-01,人民幣CNY/USD,6.1505
2015-04-01,人民幣CNY/USD,6.1298
2015-05-01,人民幣CNY/USD,6.1142
2015-06-01,人民幣CNY/USD,6.1161
2015-07-01,人民幣CNY/USD,6.1167
2015-08-01,人民幣CNY/USD,6.3056
2015-09-01,人民幣CNY/USD,6.3693
2015-10-01,人民幣CNY/USD,6.3491
2015-11-01,人民幣CNY/USD,6.3642
2015-12-01,人民幣CNY/USD,6.4527
2016-01-01,人民幣CNY/USD,6.574
2016-02-01,人民幣CNY/USD,6.5439
2016-03-01,人民幣CNY/USD,6.5071
2016-04-01,人民幣CNY/USD,6.4787
2016-05-01,人民幣CNY/USD,6.5288
2016-06-01,人民幣CNY/USD,6.5958
2016-07-01,人民幣CNY/USD,6.6789
2016-08-01,人民幣CNY/USD,6.6492000000000004
2016-09-01,人民幣CNY/USD,6.6726
2016-10-01,人民幣CNY/USD,6.7491
2016-11-01,人民幣CNY/USD,6.8336
2016-12-01,人民幣CNY/USD,6.922
2017-01-01,人民幣CNY/USD,6.898
2017-02-01,人民幣CNY/USD,6.8731
2017-03-01,人民幣CNY/USD,6.8972
2017-04-01,人民幣CNY/USD,6.8916
2017-05-01,人民幣CNY/USD,6.8899
2017-06-01,人民幣CNY/USD,6.808
2017-07-01,人民幣CNY/USD,6.7715
2017-08-01,人民幣CNY/USD,6.671
2017-09-01,人民幣CNY/USD,6.5684
2017-10-01,人民幣CNY/USD,6.6175
2017-11-01,人民幣CNY/USD,6.6254
2017-12-01,人民幣CNY/USD,6.5936
2018-01-01,人民幣CNY/USD,6.429
2018-02-01,人民幣CNY/USD,6.3135
2018-03-01,人民幣CNY/USD,6.3195
2018-04-01,人民幣CNY/USD,6.2996
2018-05-01,人民幣CNY/USD,6.4657
2018-06-01,人民幣CNY/USD,6.4657
2018-07-01,人民幣CNY/USD,6.719
2018-08-01,人民幣CNY/USD,6.8518
2018-09-01,人民幣CNY/USD,6.8546
1960-01-01,日圓JPY/USD,360
1960-02-01,日圓JPY/USD,360
1960-03-01,日圓JPY/USD,360
1960-04-01,日圓JPY/USD,360
1960-05-01,日圓JPY/USD,360
1960-06-01,日圓JPY/USD,360
1960-07-01,日圓JPY/USD,360
1960-08-01,日圓JPY/USD,360
1960-09-01,日圓JPY/USD,360
1960-10-01,日圓JPY/USD,360
1960-11-01,日圓JPY/USD,360
1960-12-01,日圓JPY/USD,360
1961-01-01,日圓JPY/USD,360
1961-02-01,日圓JPY/USD,360
1961-03-01,日圓JPY/USD,360
1961-04-01,日圓JPY/USD,360
1961-05-01,日圓JPY/USD,360
1961-06-01,日圓JPY/USD,360
1961-07-01,日圓JPY/USD,360
1961-08-01,日圓JPY/USD,360
1961-09-01,日圓JPY/USD,360
1961-10-01,日圓JPY/USD,360
1961-11-01,日圓JPY/USD,360
1961-12-01,日圓JPY/USD,360
1962-01-01,日圓JPY/USD,360
1962-02-01,日圓JPY/USD,360
1962-03-01,日圓JPY/USD,360
1962-04-01,日圓JPY/USD,360
1962-05-01,日圓JPY/USD,360
1962-06-01,日圓JPY/USD,360
1962-07-01,日圓JPY/USD,360
1962-08-01,日圓JPY/USD,360
1962-09-01,日圓JPY/USD,360
1962-10-01,日圓JPY/USD,360
1962-11-01,日圓JPY/USD,360
1962-12-01,日圓JPY/USD,360
1963-01-01,日圓JPY/USD,360
1963-02-01,日圓JPY/USD,360
1963-03-01,日圓JPY/USD,360
1963-04-01,日圓JPY/USD,360
1963-05-01,日圓JPY/USD,360
1963-06-01,日圓JPY/USD,360
1963-07-01,日圓JPY/USD,360
1963-08-01,日圓JPY/USD,360
1963-09-01,日圓JPY/USD,360
1963-10-01,日圓JPY/USD,360
1963-11-01,日圓JPY/USD,360
1963-12-01,日圓JPY/USD,360
1964-01-01,日圓JPY/USD,360
1964-02-01,日圓JPY/USD,360
1964-03-01,日圓JPY/USD,360
1964-04-01,日圓JPY/USD,360
1964-05-01,日圓JPY/USD,360
1964-06-01,日圓JPY/USD,360
1964-07-01,日圓JPY/USD,360
1964-08-01,日圓JPY/USD,360
1964-09-01,日圓JPY/USD,360
1964-10-01,日圓JPY/USD,360
1964-11-01,日圓JPY/USD,360
1964-12-01,日圓JPY/USD,360
1965-01-01,日圓JPY/USD,360
1965-02-01,日圓JPY/USD,360
1965-03-01,日圓JPY/USD,360
1965-04-01,日圓JPY/USD,360
1965-05-01,日圓JPY/USD,360
1965-06-01,日圓JPY/USD,360
1965-07-01,日圓JPY/USD,360
1965-08-01,日圓JPY/USD,360
1965-09-01,日圓JPY/USD,360
1965-10-01,日圓JPY/USD,360
1965-11-01,日圓JPY/USD,360
1965-12-01,日圓JPY/USD,360
1966-01-01,日圓JPY/USD,360
1966-02-01,日圓JPY/USD,360
1966-03-01,日圓JPY/USD,360
1966-04-01,日圓JPY/USD,360
1966-05-01,日圓JPY/USD,360
1966-06-01,日圓JPY/USD,360
1966-07-01,日圓JPY/USD,360
1966-08-01,日圓JPY/USD,360
1966-09-01,日圓JPY/USD,360
1966-10-01,日圓JPY/USD,360
1966-11-01,日圓JPY/USD,360
1966-12-01,日圓JPY/USD,360
1967-01-01,日圓JPY/USD,360
1967-02-01,日圓JPY/USD,360
1967-03-01,日圓JPY/USD,360
1967-04-01,日圓JPY/USD,360
1967-05-01,日圓JPY/USD,360
1967-06-01,日圓JPY/USD,360
1967-07-01,日圓JPY/USD,360
1967-08-01,日圓JPY/USD,360
1967-09-01,日圓JPY/USD,360
1967-10-01,日圓JPY/USD,360
1967-11-01,日圓JPY/USD,360
1967-12-01,日圓JPY/USD,360
1968-01-01,日圓JPY/USD,360
1968-02-01,日圓JPY/USD,360
1968-03-01,日圓JPY/USD,360
1968-04-01,日圓JPY/USD,360
1968-05-01,日圓JPY/USD,360
1968-06-01,日圓JPY/USD,360
1968-07-01,日圓JPY/USD,360
1968-08-01,日圓JPY/USD,360
1968-09-01,日圓JPY/USD,360
1968-10-01,日圓JPY/USD,360
1968-11-01,日圓JPY/USD,360
1968-12-01,日圓JPY/USD,360
1969-01-01,日圓JPY/USD,360
1969-02-01,日圓JPY/USD,360
1969-03-01,日圓JPY/USD,360
1969-04-01,日圓JPY/USD,360
1969-05-01,日圓JPY/USD,360
1969-06-01,日圓JPY/USD,360
1969-07-01,日圓JPY/USD,360
1969-08-01,日圓JPY/USD,360
1969-09-01,日圓JPY/USD,360
1969-10-01,日圓JPY/USD,360
1969-11-01,日圓JPY/USD,360
1969-12-01,日圓JPY/USD,360
1970-01-01,日圓JPY/USD,360
1970-02-01,日圓JPY/USD,360
1970-03-01,日圓JPY/USD,360
1970-04-01,日圓JPY/USD,360
1970-05-01,日圓JPY/USD,360
1970-06-01,日圓JPY/USD,360
1970-07-01,日圓JPY/USD,360
1970-08-01,日圓JPY/USD,360
1970-09-01,日圓JPY/USD,360
1970-10-01,日圓JPY/USD,360
1970-11-01,日圓JPY/USD,360
1970-12-01,日圓JPY/USD,360
1971-01-01,日圓JPY/USD,360
1971-02-01,日圓JPY/USD,360
1971-03-01,日圓JPY/USD,360
1971-04-01,日圓JPY/USD,360
1971-05-01,日圓JPY/USD,360
1971-06-01,日圓JPY/USD,360
1971-07-01,日圓JPY/USD,360
1971-08-01,日圓JPY/USD,355.52
1971-09-01,日圓JPY/USD,337.4
1971-10-01,日圓JPY/USD,330.42
1971-11-01,日圓JPY/USD,328.4
1971-12-01,日圓JPY/USD,336.39
1972-01-01,日圓JPY/USD,312.23
1972-02-01,日圓JPY/USD,304.98
1972-03-01,日圓JPY/USD,302.44
1972-04-01,日圓JPY/USD,303.56
1972-05-01,日圓JPY/USD,304.44
1972-06-01,日圓JPY/USD,303.68
1972-07-01,日圓JPY/USD,301.11
1972-08-01,日圓JPY/USD,301.1
1972-09-01,日圓JPY/USD,301.1
1972-10-01,日圓JPY/USD,301.1
1972-11-01,日圓JPY/USD,301.1
1972-12-01,日圓JPY/USD,301.23
1973-01-01,日圓JPY/USD,301.96
1973-02-01,日圓JPY/USD,279.1
1973-03-01,日圓JPY/USD,265.26
1973-04-01,日圓JPY/USD,265.52
1973-05-01,日圓JPY/USD,264.73
1973-06-01,日圓JPY/USD,264.7
1973-07-01,日圓JPY/USD,264.41
1973-08-01,日圓JPY/USD,265.11
1973-09-01,日圓JPY/USD,265.49
1973-10-01,日圓JPY/USD,266.33
1973-11-01,日圓JPY/USD,277.81
1973-12-01,日圓JPY/USD,280
1974-01-01,日圓JPY/USD,298.64
1974-02-01,日圓JPY/USD,291.24
1974-03-01,日圓JPY/USD,282.58
1974-04-01,日圓JPY/USD,277.78
1974-05-01,日圓JPY/USD,278.93
1974-06-01,日圓JPY/USD,283.05
1974-07-01,日圓JPY/USD,290.91
1974-08-01,日圓JPY/USD,302.22
1974-09-01,日圓JPY/USD,299.62
1974-10-01,日圓JPY/USD,299.48
1974-11-01,日圓JPY/USD,300.1
1974-12-01,日圓JPY/USD,300.44
1975-01-01,日圓JPY/USD,299.64
1975-02-01,日圓JPY/USD,292.17
1975-03-01,日圓JPY/USD,288.03
1975-04-01,日圓JPY/USD,292.12
1975-05-01,日圓JPY/USD,291.47
1975-06-01,日圓JPY/USD,293.57
1975-07-01,日圓JPY/USD,296.22
1975-08-01,日圓JPY/USD,297.94
1975-09-01,日圓JPY/USD,299.68
1975-10-01,日圓JPY/USD,302.38
1975-11-01,日圓JPY/USD,302.53
1975-12-01,日圓JPY/USD,305.7
1976-01-01,日圓JPY/USD,304.66
1976-02-01,日圓JPY/USD,301.9
1976-03-01,日圓JPY/USD,300.6
1976-04-01,日圓JPY/USD,299.13
1976-05-01,日圓JPY/USD,299.06
1976-06-01,日圓JPY/USD,299.4
1976-07-01,日圓JPY/USD,294.78
1976-08-01,日圓JPY/USD,290.74
1976-09-01,日圓JPY/USD,287.66
1976-10-01,日圓JPY/USD,290.93
1976-11-01,日圓JPY/USD,295.05
1976-12-01,日圓JPY/USD,294.72
1977-01-01,日圓JPY/USD,291.08
1977-02-01,日圓JPY/USD,285.07
1977-03-01,日圓JPY/USD,280.57
1977-04-01,日圓JPY/USD,275.12
1977-05-01,日圓JPY/USD,277.62
1977-06-01,日圓JPY/USD,272.98
1977-07-01,日圓JPY/USD,264.82
1977-08-01,日圓JPY/USD,266.64
1977-09-01,日圓JPY/USD,267.04
1977-10-01,日圓JPY/USD,255.07
1977-11-01,日圓JPY/USD,244.81
1977-12-01,日圓JPY/USD,241.3
1978-01-01,日圓JPY/USD,241.13
1978-02-01,日圓JPY/USD,240.28
1978-03-01,日圓JPY/USD,231.51
1978-04-01,日圓JPY/USD,221.68
1978-05-01,日圓JPY/USD,226.4
1978-06-01,日圓JPY/USD,214.34
1978-07-01,日圓JPY/USD,199.9
1978-08-01,日圓JPY/USD,188.45
1978-09-01,日圓JPY/USD,190.16
1978-10-01,日圓JPY/USD,183.95
1978-11-01,日圓JPY/USD,191.26
1978-12-01,日圓JPY/USD,196.24
1979-01-01,日圓JPY/USD,197.72
1979-02-01,日圓JPY/USD,200.56
1979-03-01,日圓JPY/USD,206.1
1979-04-01,日圓JPY/USD,215.81
1979-05-01,日圓JPY/USD,218.15
1979-06-01,日圓JPY/USD,218.89
1979-07-01,日圓JPY/USD,216.41
1979-08-01,日圓JPY/USD,217.91
1979-09-01,日圓JPY/USD,222.26
1979-10-01,日圓JPY/USD,230.37
1979-11-01,日圓JPY/USD,244.88
1979-12-01,日圓JPY/USD,240.62
1980-01-01,日圓JPY/USD,237.96
1980-02-01,日圓JPY/USD,244.05
1980-03-01,日圓JPY/USD,248.62
1980-04-01,日圓JPY/USD,251.67
1980-05-01,日圓JPY/USD,228.35
1980-06-01,日圓JPY/USD,218.05
1980-07-01,日圓JPY/USD,220.95
1980-08-01,日圓JPY/USD,224.45
1980-09-01,日圓JPY/USD,214.85
1980-10-01,日圓JPY/USD,209.12
1980-11-01,日圓JPY/USD,213.04
1980-12-01,日圓JPY/USD,209.78
1981-01-01,日圓JPY/USD,202
1981-02-01,日圓JPY/USD,205.89
1981-03-01,日圓JPY/USD,208.82
1981-04-01,日圓JPY/USD,215.14
1981-05-01,日圓JPY/USD,220.66
1981-06-01,日圓JPY/USD,224.2
1981-07-01,日圓JPY/USD,231.96
1981-08-01,日圓JPY/USD,233.69
1981-09-01,日圓JPY/USD,230.02
1981-10-01,日圓JPY/USD,231.37
1981-11-01,日圓JPY/USD,223.74
1981-12-01,日圓JPY/USD,218.94
1982-01-01,日圓JPY/USD,224.59
1982-02-01,日圓JPY/USD,235.17
1982-03-01,日圓JPY/USD,240.72
1982-04-01,日圓JPY/USD,244.86
1982-05-01,日圓JPY/USD,236.9
1982-06-01,日圓JPY/USD,251.04
1982-07-01,日圓JPY/USD,255.12
1982-08-01,日圓JPY/USD,258.82
1982-09-01,日圓JPY/USD,262.65
1982-10-01,日圓JPY/USD,271.4
1982-11-01,日圓JPY/USD,265.13
1982-12-01,日圓JPY/USD,242.52
1983-01-01,日圓JPY/USD,232.94
1983-02-01,日圓JPY/USD,236.24
1983-03-01,日圓JPY/USD,238.03
1983-04-01,日圓JPY/USD,237.71
1983-05-01,日圓JPY/USD,234.74
1983-06-01,日圓JPY/USD,240.15
1983-07-01,日圓JPY/USD,240.5
1983-08-01,日圓JPY/USD,244.33
1983-09-01,日圓JPY/USD,242.77
1983-10-01,日圓JPY/USD,233.01
1983-11-01,日圓JPY/USD,235.31
1983-12-01,日圓JPY/USD,234.41
1984-01-01,日圓JPY/USD,233.94
1984-02-01,日圓JPY/USD,233.68
1984-03-01,日圓JPY/USD,225.4
1984-04-01,日圓JPY/USD,224.95
1984-05-01,日圓JPY/USD,230.66
1984-06-01,日圓JPY/USD,233.21
1984-07-01,日圓JPY/USD,242.84
1984-08-01,日圓JPY/USD,242.3
1984-09-01,日圓JPY/USD,245.23
1984-10-01,日圓JPY/USD,246.79
1984-11-01,日圓JPY/USD,243.32
1984-12-01,日圓JPY/USD,247.95
1985-01-01,日圓JPY/USD,254.18
1985-02-01,日圓JPY/USD,260.24
1985-03-01,日圓JPY/USD,258.63
1985-04-01,日圓JPY/USD,251.67
1985-05-01,日圓JPY/USD,251.54
1985-06-01,日圓JPY/USD,248.99
1985-07-01,日圓JPY/USD,241.75
1985-08-01,日圓JPY/USD,237.21
1985-09-01,日圓JPY/USD,236.95
1985-10-01,日圓JPY/USD,214.73
1985-11-01,日圓JPY/USD,203.72
1985-12-01,日圓JPY/USD,202.82
1986-01-01,日圓JPY/USD,200.07
1986-02-01,日圓JPY/USD,184.64
1986-03-01,日圓JPY/USD,178.93
1986-04-01,日圓JPY/USD,175.62
1986-05-01,日圓JPY/USD,166.83
1986-06-01,日圓JPY/USD,167.95
1986-07-01,日圓JPY/USD,158.6
1986-08-01,日圓JPY/USD,154
1986-09-01,日圓JPY/USD,154.72
1986-10-01,日圓JPY/USD,155.95
1986-11-01,日圓JPY/USD,162.64
1986-12-01,日圓JPY/USD,162.29
1987-01-01,日圓JPY/USD,154.48
1987-02-01,日圓JPY/USD,153.48
1987-03-01,日圓JPY/USD,151.54
1987-04-01,日圓JPY/USD,142.98
1987-05-01,日圓JPY/USD,140.54
1987-06-01,日圓JPY/USD,144.48
1987-07-01,日圓JPY/USD,150.21
1987-08-01,日圓JPY/USD,147.56
1987-09-01,日圓JPY/USD,143
1987-10-01,日圓JPY/USD,143.54
1987-11-01,日圓JPY/USD,135.25
1987-12-01,日圓JPY/USD,128.59
1988-01-01,日圓JPY/USD,127.56
1988-02-01,日圓JPY/USD,129.16
1988-03-01,日圓JPY/USD,127.28
1988-04-01,日圓JPY/USD,124.93
1988-05-01,日圓JPY/USD,124.77
1988-06-01,日圓JPY/USD,127.14
1988-07-01,日圓JPY/USD,133.07
1988-08-01,日圓JPY/USD,133.63
1988-09-01,日圓JPY/USD,134.44
1988-10-01,日圓JPY/USD,129.02
1988-11-01,日圓JPY/USD,123.19
1988-12-01,日圓JPY/USD,123.63
1989-01-01,日圓JPY/USD,127.23
1989-02-01,日圓JPY/USD,127.77
1989-03-01,日圓JPY/USD,130.36
1989-04-01,日圓JPY/USD,132.08
1989-05-01,日圓JPY/USD,138.35
1989-06-01,日圓JPY/USD,143.79
1989-07-01,日圓JPY/USD,140.72
1989-08-01,日圓JPY/USD,141.11
1989-09-01,日圓JPY/USD,145.05
1989-10-01,日圓JPY/USD,141.93
1989-11-01,日圓JPY/USD,143.52
1989-12-01,日圓JPY/USD,143.66
1990-01-01,日圓JPY/USD,145.09
1990-02-01,日圓JPY/USD,145.53
1990-03-01,日圓JPY/USD,153.08
1990-04-01,日圓JPY/USD,158.47
1990-05-01,日圓JPY/USD,153.52
1990-06-01,日圓JPY/USD,153.77
1990-07-01,日圓JPY/USD,149.28
1990-08-01,日圓JPY/USD,147.42
1990-09-01,日圓JPY/USD,138.99
1990-10-01,日圓JPY/USD,129.73
1990-11-01,日圓JPY/USD,129.08
1990-12-01,日圓JPY/USD,133.55
1991-01-01,日圓JPY/USD,133.88
1991-02-01,日圓JPY/USD,130.48
1991-03-01,日圓JPY/USD,137.2
1991-04-01,日圓JPY/USD,137.1
1991-05-01,日圓JPY/USD,138.04
1991-06-01,日圓JPY/USD,139.79
1991-07-01,日圓JPY/USD,138.01
1991-08-01,日圓JPY/USD,138.89
1991-09-01,日圓JPY/USD,134.58
1991-10-01,日圓JPY/USD,130.72
1991-11-01,日圓JPY/USD,129.68
1991-12-01,日圓JPY/USD,128.11
1992-01-01,日圓JPY/USD,125.09
1992-02-01,日圓JPY/USD,127.5
1992-03-01,日圓JPY/USD,132.7
1992-04-01,日圓JPY/USD,133.53
1992-05-01,日圓JPY/USD,130.57
1992-06-01,日圓JPY/USD,126.81
1992-07-01,日圓JPY/USD,125.65
1992-08-01,日圓JPY/USD,126.31
1992-09-01,日圓JPY/USD,122.72
1992-10-01,日圓JPY/USD,121.04
1992-11-01,日圓JPY/USD,123.87
1992-12-01,日圓JPY/USD,124.03
1993-01-01,日圓JPY/USD,125.01
1993-02-01,日圓JPY/USD,120.96
1993-03-01,日圓JPY/USD,117.07
1993-04-01,日圓JPY/USD,112.45
1993-05-01,日圓JPY/USD,110.4
1993-06-01,日圓JPY/USD,107.34
1993-07-01,日圓JPY/USD,107.73
1993-08-01,日圓JPY/USD,103.71
1993-09-01,日圓JPY/USD,105.28
1993-10-01,日圓JPY/USD,106.92
1993-11-01,日圓JPY/USD,107.8
1993-12-01,日圓JPY/USD,109.7
1994-01-01,日圓JPY/USD,111.51
1994-02-01,日圓JPY/USD,106.21
1994-03-01,日圓JPY/USD,105.14
1994-04-01,日圓JPY/USD,103.53
1994-05-01,日圓JPY/USD,103.73
1994-06-01,日圓JPY/USD,102.72
1994-07-01,日圓JPY/USD,98.5
1994-08-01,日圓JPY/USD,99.85
1994-09-01,日圓JPY/USD,98.81
1994-10-01,日圓JPY/USD,98.42
1994-11-01,日圓JPY/USD,97.96
1994-12-01,日圓JPY/USD,100.12
1995-01-01,日圓JPY/USD,99.75
1995-02-01,日圓JPY/USD,98.24
1995-03-01,日圓JPY/USD,90.79
1995-04-01,日圓JPY/USD,83.67
1995-05-01,日圓JPY/USD,85.1
1995-06-01,日圓JPY/USD,84.53
1995-07-01,日圓JPY/USD,87.22
1995-08-01,日圓JPY/USD,94.55
1995-09-01,日圓JPY/USD,100.49
1995-10-01,日圓JPY/USD,100.65
1995-11-01,日圓JPY/USD,101.92
1995-12-01,日圓JPY/USD,101.81
1996-01-01,日圓JPY/USD,105.84
1996-02-01,日圓JPY/USD,105.73
1996-03-01,日圓JPY/USD,105.82
1996-04-01,日圓JPY/USD,107.46
1996-05-01,日圓JPY/USD,106.45
1996-06-01,日圓JPY/USD,108.86
1996-07-01,日圓JPY/USD,109.32
1996-08-01,日圓JPY/USD,107.75
1996-09-01,日圓JPY/USD,109.75
1996-10-01,日圓JPY/USD,112.36
1996-11-01,日圓JPY/USD,112.26
1996-12-01,日圓JPY/USD,113.76
1997-01-01,日圓JPY/USD,118.02
1997-02-01,日圓JPY/USD,123.01
1997-03-01,日圓JPY/USD,122.64
1997-04-01,日圓JPY/USD,125.51
1997-05-01,日圓JPY/USD,118.99
1997-06-01,日圓JPY/USD,114.2
1997-07-01,日圓JPY/USD,115.16
1997-08-01,日圓JPY/USD,117.9
1997-09-01,日圓JPY/USD,120.75
1997-10-01,日圓JPY/USD,121.06
1997-11-01,日圓JPY/USD,125.27
1997-12-01,日圓JPY/USD,129.38
1998-01-01,日圓JPY/USD,129.45
1998-02-01,日圓JPY/USD,126
1998-03-01,日圓JPY/USD,128.69
1998-04-01,日圓JPY/USD,131.67
1998-05-01,日圓JPY/USD,135
1998-06-01,日圓JPY/USD,140.57
1998-07-01,日圓JPY/USD,140.73
1998-08-01,日圓JPY/USD,144.65
1998-09-01,日圓JPY/USD,134.59
1998-10-01,日圓JPY/USD,121.3
1998-11-01,日圓JPY/USD,120.58
1998-12-01,日圓JPY/USD,117.62
1999-01-01,日圓JPY/USD,113.18
1999-02-01,日圓JPY/USD,116.66
1999-03-01,日圓JPY/USD,119.78
1999-04-01,日圓JPY/USD,119.81
1999-05-01,日圓JPY/USD,122.11
1999-06-01,日圓JPY/USD,120.9
1999-07-01,日圓JPY/USD,119.86
1999-08-01,日圓JPY/USD,113.41
1999-09-01,日圓JPY/USD,107.57
1999-10-01,日圓JPY/USD,105.97
1999-11-01,日圓JPY/USD,104.96
1999-12-01,日圓JPY/USD,102.68
2000-01-01,日圓JPY/USD,105.16
2000-02-01,日圓JPY/USD,109.31
2000-03-01,日圓JPY/USD,106.71
2000-04-01,日圓JPY/USD,105.48
2000-05-01,日圓JPY/USD,108.11
2000-06-01,日圓JPY/USD,106.23
2000-07-01,日圓JPY/USD,107.9
2000-08-01,日圓JPY/USD,108.07
2000-09-01,日圓JPY/USD,106.75
2000-10-01,日圓JPY/USD,108.37
2000-11-01,日圓JPY/USD,108.89
2000-12-01,日圓JPY/USD,112.21
2001-01-01,日圓JPY/USD,117.1
2001-02-01,日圓JPY/USD,116.04
2001-03-01,日圓JPY/USD,121.12
2001-04-01,日圓JPY/USD,123.83
2001-05-01,日圓JPY/USD,121.93
2001-06-01,日圓JPY/USD,122.15
2001-07-01,日圓JPY/USD,124.65
2001-08-01,日圓JPY/USD,121.61
2001-09-01,日圓JPY/USD,118.98
2001-10-01,日圓JPY/USD,121.28
2001-11-01,日圓JPY/USD,122.31
2001-12-01,日圓JPY/USD,127.36
2002-01-01,日圓JPY/USD,132.66
2002-02-01,日圓JPY/USD,133.52
2002-03-01,日圓JPY/USD,131.2
2002-04-01,日圓JPY/USD,131.07
2002-05-01,日圓JPY/USD,126.48
2002-06-01,日圓JPY/USD,123.6
2002-07-01,日圓JPY/USD,118.07
2002-08-01,日圓JPY/USD,119.01
2002-09-01,日圓JPY/USD,120.37
2002-10-01,日圓JPY/USD,123.86
2002-11-01,日圓JPY/USD,122.55
2002-12-01,日圓JPY/USD,122.27
2003-01-01,日圓JPY/USD,118.65
2003-02-01,日圓JPY/USD,119.27
2003-03-01,日圓JPY/USD,118.54
2003-04-01,日圓JPY/USD,119.79
2003-05-01,日圓JPY/USD,117.26
2003-06-01,日圓JPY/USD,118.26
2003-07-01,日圓JPY/USD,118.69
2003-08-01,日圓JPY/USD,118.83
2003-09-01,日圓JPY/USD,115.19
2003-10-01,日圓JPY/USD,109.58
2003-11-01,日圓JPY/USD,109.2
2003-12-01,日圓JPY/USD,107.94
2004-01-01,日圓JPY/USD,106.51
2004-02-01,日圓JPY/USD,106.55
2004-03-01,日圓JPY/USD,108.62
2004-04-01,日圓JPY/USD,107.25
2004-05-01,日圓JPY/USD,112.52
2004-06-01,日圓JPY/USD,109.47
2004-07-01,日圓JPY/USD,109.36
2004-08-01,日圓JPY/USD,110.36
2004-09-01,日圓JPY/USD,110.01
2004-10-01,日圓JPY/USD,108.92
2004-11-01,日圓JPY/USD,104.9
2004-12-01,日圓JPY/USD,103.84
2005-01-01,日圓JPY/USD,103.94
2005-02-01,日圓JPY/USD,104.88
2005-03-01,日圓JPY/USD,105.31
2005-04-01,日圓JPY/USD,107.36
2005-05-01,日圓JPY/USD,106.91
2005-06-01,日圓JPY/USD,108.63
2005-07-01,日圓JPY/USD,111.94
2005-08-01,日圓JPY/USD,110.72
2005-09-01,日圓JPY/USD,111.06
2005-10-01,日圓JPY/USD,114.82
2005-11-01,日圓JPY/USD,118.41
2005-12-01,日圓JPY/USD,118.64
2006-01-01,日圓JPY/USD,115.45
2006-02-01,日圓JPY/USD,117.89
2006-03-01,日圓JPY/USD,117.31
2006-04-01,日圓JPY/USD,117.11
2006-05-01,日圓JPY/USD,111.61
2006-06-01,日圓JPY/USD,114.53
2006-07-01,日圓JPY/USD,115.67
2006-08-01,日圓JPY/USD,115.88
2006-09-01,日圓JPY/USD,117.01
2006-10-01,日圓JPY/USD,118.66
2006-11-01,日圓JPY/USD,117.35
2006-12-01,日圓JPY/USD,117.13
2007-01-01,日圓JPY/USD,120.58
2007-02-01,日圓JPY/USD,120.45
2007-03-01,日圓JPY/USD,117.28
2007-04-01,日圓JPY/USD,118.87
2007-05-01,日圓JPY/USD,120.73
2007-06-01,日圓JPY/USD,122.62
2007-07-01,日圓JPY/USD,121.59
2007-08-01,日圓JPY/USD,116.72
2007-09-01,日圓JPY/USD,115.02
2007-10-01,日圓JPY/USD,115.74
2007-11-01,日圓JPY/USD,111.21
2007-12-01,日圓JPY/USD,112.25
2008-01-01,日圓JPY/USD,107.66
2008-02-01,日圓JPY/USD,107.16
2008-03-01,日圓JPY/USD,100.79
2008-04-01,日圓JPY/USD,102.49
2008-05-01,日圓JPY/USD,104.14
2008-06-01,日圓JPY/USD,106.9
2008-07-01,日圓JPY/USD,106.81
2008-08-01,日圓JPY/USD,109.28
2008-09-01,日圓JPY/USD,106.75
2008-10-01,日圓JPY/USD,100.33
2008-11-01,日圓JPY/USD,96.68
2008-12-01,日圓JPY/USD,91.32
2009-01-01,日圓JPY/USD,90.48
2009-02-01,日圓JPY/USD,92.5
2009-03-01,日圓JPY/USD,98.16
2009-04-01,日圓JPY/USD,99
2009-05-01,日圓JPY/USD,96.3
2009-06-01,日圓JPY/USD,96.52
2009-07-01,日圓JPY/USD,94.5
2009-08-01,日圓JPY/USD,94.84
2009-09-01,日圓JPY/USD,91.49
2009-10-01,日圓JPY/USD,90.29
2009-11-01,日圓JPY/USD,89.19
2009-12-01,日圓JPY/USD,89.56
2010-01-01,日圓JPY/USD,91.16
2010-02-01,日圓JPY/USD,90.28
2010-03-01,日圓JPY/USD,90.52
2010-04-01,日圓JPY/USD,93.38
2010-05-01,日圓JPY/USD,91.77
2010-06-01,日圓JPY/USD,90.92
2010-07-01,日圓JPY/USD,87.71
2010-08-01,日圓JPY/USD,85.47
2010-09-01,日圓JPY/USD,84.39
2010-10-01,日圓JPY/USD,81.87
2010-11-01,日圓JPY/USD,82.48
2010-12-01,日圓JPY/USD,83.43
2011-01-01,日圓JPY/USD,82.61
2011-02-01,日圓JPY/USD,82.5
2011-03-01,日圓JPY/USD,81.79
2011-04-01,日圓JPY/USD,83.35
2011-05-01,日圓JPY/USD,81.26
2011-06-01,日圓JPY/USD,80.51
2011-07-01,日圓JPY/USD,79.4
2011-08-01,日圓JPY/USD,77.22
2011-09-01,日圓JPY/USD,76.84
2011-10-01,日圓JPY/USD,76.77
2011-11-01,日圓JPY/USD,77.58
2011-12-01,日圓JPY/USD,77.86
2012-01-01,日圓JPY/USD,76.98
2012-02-01,日圓JPY/USD,78.39
2012-03-01,日圓JPY/USD,82.43
2012-04-01,日圓JPY/USD,81.49
2012-05-01,日圓JPY/USD,79.72
2012-06-01,日圓JPY/USD,79.32
2012-07-01,日圓JPY/USD,78.98
2012-08-01,日圓JPY/USD,78.66
2012-09-01,日圓JPY/USD,78.17
2012-10-01,日圓JPY/USD,78.97
2012-11-01,日圓JPY/USD,80.79
2012-12-01,日圓JPY/USD,83.58
2013-01-01,日圓JPY/USD,89.16
2013-02-01,日圓JPY/USD,93.17
2013-03-01,日圓JPY/USD,94.79
2013-04-01,日圓JPY/USD,97.7
2013-05-01,日圓JPY/USD,101.08
2013-06-01,日圓JPY/USD,97.33
2013-07-01,日圓JPY/USD,99.75
2013-08-01,日圓JPY/USD,97.87
2013-09-01,日圓JPY/USD,99.28
2013-10-01,日圓JPY/USD,97.82
2013-11-01,日圓JPY/USD,99.79
2013-12-01,日圓JPY/USD,103.41
2014-01-01,日圓JPY/USD,103.94
2014-02-01,日圓JPY/USD,102.16
2014-03-01,日圓JPY/USD,102.27
2014-04-01,日圓JPY/USD,102.56
2014-05-01,日圓JPY/USD,101.79
2014-06-01,日圓JPY/USD,102.05
2014-07-01,日圓JPY/USD,102.78
2014-08-01,日圓JPY/USD,102.96
2014-09-01,日圓JPY/USD,107.24
2014-10-01,日圓JPY/USD,108.06
2014-11-01,日圓JPY/USD,116.21
2014-12-01,日圓JPY/USD,119.31
2015-01-01,日圓JPY/USD,118.31
2015-02-01,日圓JPY/USD,118.56
2015-03-01,日圓JPY/USD,120.39
2015-04-01,日圓JPY/USD,119.55
2015-05-01,日圓JPY/USD,120.69
2015-06-01,日圓JPY/USD,123.75
2015-07-01,日圓JPY/USD,123.24
2015-08-01,日圓JPY/USD,123.23
2015-09-01,日圓JPY/USD,120.29
2015-10-01,日圓JPY/USD,120.06
2015-11-01,日圓JPY/USD,122.53
2015-12-01,日圓JPY/USD,121.92
2016-01-01,日圓JPY/USD,118.31
2016-02-01,日圓JPY/USD,115.09
2016-03-01,日圓JPY/USD,113.07
2016-04-01,日圓JPY/USD,109.97
2016-05-01,日圓JPY/USD,109.06
2016-06-01,日圓JPY/USD,105.49
2016-07-01,日圓JPY/USD,103.97
2016-08-01,日圓JPY/USD,101.27
2016-09-01,日圓JPY/USD,101.94
2016-10-01,日圓JPY/USD,103.82
2016-11-01,日圓JPY/USD,107.62
2016-12-01,日圓JPY/USD,115.9
2017-01-01,日圓JPY/USD,114.75
2017-02-01,日圓JPY/USD,113.07
2017-03-01,日圓JPY/USD,113.01
2017-04-01,日圓JPY/USD,110.06
2017-05-01,日圓JPY/USD,112.26
2017-06-01,日圓JPY/USD,110.91
2017-07-01,日圓JPY/USD,112.39
2017-08-01,日圓JPY/USD,109.91
2017-09-01,日圓JPY/USD,110.72
2017-10-01,日圓JPY/USD,112.96
2017-11-01,日圓JPY/USD,112.99
2017-12-01,日圓JPY/USD,112.95
2018-01-01,日圓JPY/USD,110.77
2018-02-01,日圓JPY/USD,107.9
2018-03-01,日圓JPY/USD,106
2018-04-01,日圓JPY/USD,107.52
2018-05-01,日圓JPY/USD,110.03
2018-06-01,日圓JPY/USD,110.03
2018-07-01,日圓JPY/USD,111.42
2018-08-01,日圓JPY/USD,111.06
2018-09-01,日圓JPY/USD,111.9
1960-01-01,新台幣NTD/USD,40
1960-02-01,新台幣NTD/USD,40
1960-03-01,新台幣NTD/USD,40
1960-04-01,新台幣NTD/USD,40
1960-05-01,新台幣NTD/USD,40
1960-06-01,新台幣NTD/USD,40
1960-07-01,新台幣NTD/USD,40
1960-08-01,新台幣NTD/USD,40
1960-09-01,新台幣NTD/USD,40
1960-10-01,新台幣NTD/USD,40
1960-11-01,新台幣NTD/USD,40
1960-12-01,新台幣NTD/USD,40
1961-01-01,新台幣NTD/USD,40
1961-02-01,新台幣NTD/USD,40
1961-03-01,新台幣NTD/USD,40
1961-04-01,新台幣NTD/USD,40
1961-05-01,新台幣NTD/USD,40
1961-06-01,新台幣NTD/USD,40
1961-07-01,新台幣NTD/USD,40
1961-08-01,新台幣NTD/USD,40
1961-09-01,新台幣NTD/USD,40
1961-10-01,新台幣NTD/USD,40
1961-11-01,新台幣NTD/USD,40
1961-12-01,新台幣NTD/USD,40
1962-01-01,新台幣NTD/USD,40
1962-02-01,新台幣NTD/USD,40
1962-03-01,新台幣NTD/USD,40
1962-04-01,新台幣NTD/USD,40
1962-05-01,新台幣NTD/USD,40
1962-06-01,新台幣NTD/USD,40
1962-07-01,新台幣NTD/USD,40
1962-08-01,新台幣NTD/USD,40
1962-09-01,新台幣NTD/USD,40
1962-10-01,新台幣NTD/USD,40
1962-11-01,新台幣NTD/USD,40
1962-12-01,新台幣NTD/USD,40
1963-01-01,新台幣NTD/USD,40
1963-02-01,新台幣NTD/USD,40
1963-03-01,新台幣NTD/USD,40
1963-04-01,新台幣NTD/USD,40
1963-05-01,新台幣NTD/USD,40
1963-06-01,新台幣NTD/USD,40
1963-07-01,新台幣NTD/USD,40
1963-08-01,新台幣NTD/USD,40
1963-09-01,新台幣NTD/USD,40
1963-10-01,新台幣NTD/USD,40
1963-11-01,新台幣NTD/USD,40
1963-12-01,新台幣NTD/USD,40
1964-01-01,新台幣NTD/USD,40
1964-02-01,新台幣NTD/USD,40
1964-03-01,新台幣NTD/USD,40
1964-04-01,新台幣NTD/USD,40
1964-05-01,新台幣NTD/USD,40
1964-06-01,新台幣NTD/USD,40
1964-07-01,新台幣NTD/USD,40
1964-08-01,新台幣NTD/USD,40
1964-09-01,新台幣NTD/USD,40
1964-10-01,新台幣NTD/USD,40
1964-11-01,新台幣NTD/USD,40
1964-12-01,新台幣NTD/USD,40
1965-01-01,新台幣NTD/USD,40
1965-02-01,新台幣NTD/USD,40
1965-03-01,新台幣NTD/USD,40
1965-04-01,新台幣NTD/USD,40
1965-05-01,新台幣NTD/USD,40
1965-06-01,新台幣NTD/USD,40
1965-07-01,新台幣NTD/USD,40
1965-08-01,新台幣NTD/USD,40
1965-09-01,新台幣NTD/USD,40
1965-10-01,新台幣NTD/USD,40
1965-11-01,新台幣NTD/USD,40
1965-12-01,新台幣NTD/USD,40
1966-01-01,新台幣NTD/USD,40
1966-02-01,新台幣NTD/USD,40
1966-03-01,新台幣NTD/USD,40
1966-04-01,新台幣NTD/USD,40
1966-05-01,新台幣NTD/USD,40
1966-06-01,新台幣NTD/USD,40
1966-07-01,新台幣NTD/USD,40
1966-08-01,新台幣NTD/USD,40
1966-09-01,新台幣NTD/USD,40
1966-10-01,新台幣NTD/USD,40
1966-11-01,新台幣NTD/USD,40
1966-12-01,新台幣NTD/USD,40
1967-01-01,新台幣NTD/USD,40
1967-02-01,新台幣NTD/USD,40
1967-03-01,新台幣NTD/USD,40
1967-04-01,新台幣NTD/USD,40
1967-05-01,新台幣NTD/USD,40
1967-06-01,新台幣NTD/USD,40
1967-07-01,新台幣NTD/USD,40
1967-08-01,新台幣NTD/USD,40
1967-09-01,新台幣NTD/USD,40
1967-10-01,新台幣NTD/USD,40
1967-11-01,新台幣NTD/USD,40
1967-12-01,新台幣NTD/USD,40
1968-01-01,新台幣NTD/USD,40
1968-02-01,新台幣NTD/USD,40
1968-03-01,新台幣NTD/USD,40
1968-04-01,新台幣NTD/USD,40
1968-05-01,新台幣NTD/USD,40
1968-06-01,新台幣NTD/USD,40
1968-07-01,新台幣NTD/USD,40
1968-08-01,新台幣NTD/USD,40
1968-09-01,新台幣NTD/USD,40
1968-10-01,新台幣NTD/USD,40
1968-11-01,新台幣NTD/USD,40
1968-12-01,新台幣NTD/USD,40
1969-01-01,新台幣NTD/USD,40
1969-02-01,新台幣NTD/USD,40
1969-03-01,新台幣NTD/USD,40
1969-04-01,新台幣NTD/USD,40
1969-05-01,新台幣NTD/USD,40
1969-06-01,新台幣NTD/USD,40
1969-07-01,新台幣NTD/USD,40
1969-08-01,新台幣NTD/USD,40
1969-09-01,新台幣NTD/USD,40
1969-10-01,新台幣NTD/USD,40
1969-11-01,新台幣NTD/USD,40
1969-12-01,新台幣NTD/USD,40
1970-01-01,新台幣NTD/USD,40
1970-02-01,新台幣NTD/USD,40
1970-03-01,新台幣NTD/USD,40
1970-04-01,新台幣NTD/USD,40
1970-05-01,新台幣NTD/USD,40
1970-06-01,新台幣NTD/USD,40
1970-07-01,新台幣NTD/USD,40
1970-08-01,新台幣NTD/USD,40
1970-09-01,新台幣NTD/USD,40
1970-10-01,新台幣NTD/USD,40
1970-11-01,新台幣NTD/USD,40
1970-12-01,新台幣NTD/USD,40
1971-01-01,新台幣NTD/USD,40
1971-02-01,新台幣NTD/USD,40
1971-03-01,新台幣NTD/USD,40
1971-04-01,新台幣NTD/USD,40
1971-05-01,新台幣NTD/USD,40
1971-06-01,新台幣NTD/USD,40
1971-07-01,新台幣NTD/USD,40
1971-08-01,新台幣NTD/USD,40
1971-09-01,新台幣NTD/USD,40
1971-10-01,新台幣NTD/USD,40
1971-11-01,新台幣NTD/USD,40
1971-12-01,新台幣NTD/USD,40
1972-01-01,新台幣NTD/USD,40
1972-02-01,新台幣NTD/USD,40
1972-03-01,新台幣NTD/USD,40
1972-04-01,新台幣NTD/USD,40
1972-05-01,新台幣NTD/USD,40
1972-06-01,新台幣NTD/USD,40
1972-07-01,新台幣NTD/USD,40
1972-08-01,新台幣NTD/USD,40
1972-09-01,新台幣NTD/USD,40
1972-10-01,新台幣NTD/USD,40
1972-11-01,新台幣NTD/USD,40
1972-12-01,新台幣NTD/USD,40
1973-01-01,新台幣NTD/USD,40
1973-02-01,新台幣NTD/USD,38
1973-03-01,新台幣NTD/USD,38
1973-04-01,新台幣NTD/USD,38
1973-05-01,新台幣NTD/USD,38
1973-06-01,新台幣NTD/USD,38
1973-07-01,新台幣NTD/USD,38
1973-08-01,新台幣NTD/USD,38
1973-09-01,新台幣NTD/USD,38
1973-10-01,新台幣NTD/USD,38
1973-11-01,新台幣NTD/USD,38
1973-12-01,新台幣NTD/USD,38
1974-01-01,新台幣NTD/USD,38
1974-02-01,新台幣NTD/USD,38
1974-03-01,新台幣NTD/USD,38
1974-04-01,新台幣NTD/USD,38
1974-05-01,新台幣NTD/USD,38
1974-06-01,新台幣NTD/USD,38
1974-07-01,新台幣NTD/USD,38
1974-08-01,新台幣NTD/USD,38
1974-09-01,新台幣NTD/USD,38
1974-10-01,新台幣NTD/USD,38
1974-11-01,新台幣NTD/USD,38
1974-12-01,新台幣NTD/USD,38
1975-01-01,新台幣NTD/USD,38
1975-02-01,新台幣NTD/USD,38
1975-03-01,新台幣NTD/USD,38
1975-04-01,新台幣NTD/USD,38
1975-05-01,新台幣NTD/USD,38
1975-06-01,新台幣NTD/USD,38
1975-07-01,新台幣NTD/USD,38
1975-08-01,新台幣NTD/USD,38
1975-09-01,新台幣NTD/USD,38
1975-10-01,新台幣NTD/USD,38
1975-11-01,新台幣NTD/USD,38
1975-12-01,新台幣NTD/USD,38
1976-01-01,新台幣NTD/USD,38
1976-02-01,新台幣NTD/USD,38
1976-03-01,新台幣NTD/USD,38
1976-04-01,新台幣NTD/USD,38
1976-05-01,新台幣NTD/USD,38
1976-06-01,新台幣NTD/USD,38
1976-07-01,新台幣NTD/USD,38
1976-08-01,新台幣NTD/USD,38
1976-09-01,新台幣NTD/USD,38
1976-10-01,新台幣NTD/USD,38
1976-11-01,新台幣NTD/USD,38
1976-12-01,新台幣NTD/USD,38
1977-01-01,新台幣NTD/USD,38
1977-02-01,新台幣NTD/USD,38
1977-03-01,新台幣NTD/USD,38
1977-04-01,新台幣NTD/USD,38
1977-05-01,新台幣NTD/USD,38
1977-06-01,新台幣NTD/USD,38
1977-07-01,新台幣NTD/USD,38
1977-08-01,新台幣NTD/USD,38
1977-09-01,新台幣NTD/USD,38
1977-10-01,新台幣NTD/USD,38
1977-11-01,新台幣NTD/USD,38
1977-12-01,新台幣NTD/USD,38
1978-01-01,新台幣NTD/USD,38
1978-02-01,新台幣NTD/USD,38
1978-03-01,新台幣NTD/USD,38
1978-04-01,新台幣NTD/USD,38
1978-05-01,新台幣NTD/USD,38
1978-06-01,新台幣NTD/USD,38
1978-07-01,新台幣NTD/USD,36
1978-08-01,新台幣NTD/USD,36
1978-09-01,新台幣NTD/USD,36
1978-10-01,新台幣NTD/USD,36
1978-11-01,新台幣NTD/USD,36
1978-12-01,新台幣NTD/USD,36
1979-01-01,新台幣NTD/USD,35.775
1979-02-01,新台幣NTD/USD,35.921
1979-03-01,新台幣NTD/USD,35.95
1979-04-01,新台幣NTD/USD,36
1979-05-01,新台幣NTD/USD,36
1979-06-01,新台幣NTD/USD,36.088
1979-07-01,新台幣NTD/USD,36.1
1979-08-01,新台幣NTD/USD,36.052
1979-09-01,新台幣NTD/USD,36.03
1979-10-01,新台幣NTD/USD,36.03
1979-11-01,新台幣NTD/USD,36.03
1979-12-01,新台幣NTD/USD,36.03
1980-01-01,新台幣NTD/USD,36.03
1980-02-01,新台幣NTD/USD,36.03
1980-03-01,新台幣NTD/USD,36.026
1980-04-01,新台幣NTD/USD,36.063
1980-05-01,新台幣NTD/USD,36.05
1980-06-01,新台幣NTD/USD,36.028
1980-07-01,新台幣NTD/USD,36.007
1980-08-01,新台幣NTD/USD,35.966
1980-09-01,新台幣NTD/USD,35.93
1980-10-01,新台幣NTD/USD,35.937
1980-11-01,新台幣NTD/USD,35.93
1980-12-01,新台幣NTD/USD,35.952
1981-01-01,新台幣NTD/USD,35.964
1981-02-01,新台幣NTD/USD,35.923
1981-03-01,新台幣NTD/USD,36.163
1981-04-01,新台幣NTD/USD,36.487
1981-05-01,新台幣NTD/USD,36.348
1981-06-01,新台幣NTD/USD,36.312
1981-07-01,新台幣NTD/USD,36.261
1981-08-01,新台幣NTD/USD,37.342
1981-09-01,新台幣NTD/USD,37.83
1981-10-01,新台幣NTD/USD,37.865
1981-11-01,新台幣NTD/USD,37.78
1981-12-01,新台幣NTD/USD,37.84
1982-01-01,新台幣NTD/USD,37.712
1982-02-01,新台幣NTD/USD,37.912
1982-03-01,新台幣NTD/USD,38.097
1982-04-01,新台幣NTD/USD,38.337
1982-05-01,新台幣NTD/USD,38.756
1982-06-01,新台幣NTD/USD,39.092
1982-07-01,新台幣NTD/USD,39.429
1982-08-01,新台幣NTD/USD,39.799
1982-09-01,新台幣NTD/USD,39.85
1982-10-01,新台幣NTD/USD,39.963
1982-11-01,新台幣NTD/USD,40.479
1982-12-01,新台幣NTD/USD,40.062
1983-01-01,新台幣NTD/USD,39.88
1983-02-01,新台幣NTD/USD,39.877
1983-03-01,新台幣NTD/USD,39.955
1983-04-01,新台幣NTD/USD,39.992
1983-05-01,新台幣NTD/USD,39.975
1983-06-01,新台幣NTD/USD,40.131
1983-07-01,新台幣NTD/USD,40.04
1983-08-01,新台幣NTD/USD,40.186
1983-09-01,新台幣NTD/USD,40.167
1983-10-01,新台幣NTD/USD,40.147
1983-11-01,新台幣NTD/USD,40.208
1983-12-01,新台幣NTD/USD,40.224
1984-01-01,新台幣NTD/USD,40.203
1984-02-01,新台幣NTD/USD,40.184
1984-03-01,新台幣NTD/USD,40.024
1984-04-01,新台幣NTD/USD,39.735
1984-05-01,新台幣NTD/USD,39.669
1984-06-01,新台幣NTD/USD,39.784
1984-07-01,新台幣NTD/USD,39.424
1984-08-01,新台幣NTD/USD,39.043
1984-09-01,新台幣NTD/USD,39.1
1984-10-01,新台幣NTD/USD,39.173
1984-11-01,新台幣NTD/USD,39.364
1984-12-01,新台幣NTD/USD,39.461
1985-01-01,新台幣NTD/USD,39.269
1985-02-01,新台幣NTD/USD,39.187
1985-03-01,新台幣NTD/USD,39.486
1985-04-01,新台幣NTD/USD,39.678
1985-05-01,新台幣NTD/USD,39.582
1985-06-01,新台幣NTD/USD,39.823
1985-07-01,新台幣NTD/USD,40.108
1985-08-01,新台幣NTD/USD,40.434
1985-09-01,新台幣NTD/USD,40.411
1985-10-01,新台幣NTD/USD,40.154
1985-11-01,新台幣NTD/USD,39.922
1985-12-01,新台幣NTD/USD,39.859
1986-01-01,新台幣NTD/USD,39.585
1986-02-01,新台幣NTD/USD,39.188
1986-03-01,新台幣NTD/USD,38.99
1986-04-01,新台幣NTD/USD,38.63
1986-05-01,新台幣NTD/USD,38.38
1986-06-01,新台幣NTD/USD,38.11
1986-07-01,新台幣NTD/USD,38.069
1986-08-01,新台幣NTD/USD,37.348
1986-09-01,新台幣NTD/USD,36.835
1986-10-01,新台幣NTD/USD,36.6
1986-11-01,新台幣NTD/USD,36.37
1986-12-01,新台幣NTD/USD,35.952
1987-01-01,新台幣NTD/USD,35.244
1987-02-01,新台幣NTD/USD,35
1987-03-01,新台幣NTD/USD,34.626
1987-04-01,新台幣NTD/USD,33.099
1987-05-01,新台幣NTD/USD,32.273
1987-06-01,新台幣NTD/USD,31.156
1987-07-01,新台幣NTD/USD,31.067
1987-08-01,新台幣NTD/USD,29.672
1987-09-01,新台幣NTD/USD,30.099
1987-10-01,新台幣NTD/USD,29.984
1987-11-01,新台幣NTD/USD,29.745
1987-12-01,新台幣NTD/USD,28.912
1988-01-01,新台幣NTD/USD,28.578
1988-02-01,新台幣NTD/USD,28.616
1988-03-01,新台幣NTD/USD,28.637
1988-04-01,新台幣NTD/USD,28.648
1988-05-01,新台幣NTD/USD,28.616
1988-06-01,新台幣NTD/USD,28.677
1988-07-01,新台幣NTD/USD,28.687
1988-08-01,新台幣NTD/USD,28.647
1988-09-01,新台幣NTD/USD,28.861
1988-10-01,新台幣NTD/USD,28.822
1988-11-01,新台幣NTD/USD,28.118
1988-12-01,新台幣NTD/USD,28.154
1989-01-01,新台幣NTD/USD,27.767
1989-02-01,新台幣NTD/USD,27.657
1989-03-01,新台幣NTD/USD,27.526
1989-04-01,新台幣NTD/USD,26.963
1989-05-01,新台幣NTD/USD,25.82
1989-06-01,新台幣NTD/USD,26.027
1989-07-01,新台幣NTD/USD,25.821
1989-08-01,新台幣NTD/USD,25.681
1989-09-01,新台幣NTD/USD,25.715
1989-10-01,新台幣NTD/USD,25.741
1989-11-01,新台幣NTD/USD,26.023
1989-12-01,新台幣NTD/USD,26.143
1990-01-01,新台幣NTD/USD,26.078
1990-02-01,新台幣NTD/USD,26.12
1990-03-01,新台幣NTD/USD,26.353
1990-04-01,新台幣NTD/USD,26.363
1990-05-01,新台幣NTD/USD,26.974
1990-06-01,新台幣NTD/USD,27.386
1990-07-01,新台幣NTD/USD,27.164
1990-08-01,新台幣NTD/USD,27.291
1990-09-01,新台幣NTD/USD,27.3
1990-10-01,新台幣NTD/USD,27.286
1990-11-01,新台幣NTD/USD,27.243
1990-12-01,新台幣NTD/USD,27.156
1991-01-01,新台幣NTD/USD,27.18
1991-02-01,新台幣NTD/USD,27.118
1991-03-01,新台幣NTD/USD,27.273
1991-04-01,新台幣NTD/USD,27.337
1991-05-01,新台幣NTD/USD,27.282
1991-06-01,新台幣NTD/USD,27.165
1991-07-01,新台幣NTD/USD,26.985
1991-08-01,新台幣NTD/USD,26.727
1991-09-01,新台幣NTD/USD,26.565
1991-10-01,新台幣NTD/USD,26.408
1991-11-01,新台幣NTD/USD,25.978
1991-12-01,新台幣NTD/USD,25.759
1992-01-01,新台幣NTD/USD,25.172
1992-02-01,新台幣NTD/USD,25.049
1992-03-01,新台幣NTD/USD,25.401
1992-04-01,新台幣NTD/USD,25.303
1992-05-01,新台幣NTD/USD,25.011
1992-06-01,新台幣NTD/USD,24.764
1992-07-01,新台幣NTD/USD,24.773
1992-08-01,新台幣NTD/USD,25.115
1992-09-01,新台幣NTD/USD,25.223
1992-10-01,新台幣NTD/USD,25.276
1992-11-01,新台幣NTD/USD,25.429
1992-12-01,新台幣NTD/USD,25.451
1993-01-01,新台幣NTD/USD,25.453
1993-02-01,新台幣NTD/USD,25.85
1993-03-01,新台幣NTD/USD,26.036
1993-04-01,新台幣NTD/USD,25.996
1993-05-01,新台幣NTD/USD,25.986
1993-06-01,新台幣NTD/USD,26.258
1993-07-01,新台幣NTD/USD,26.66
1993-08-01,新台幣NTD/USD,26.95
1993-09-01,新台幣NTD/USD,26.929
1993-10-01,新台幣NTD/USD,26.865
1993-11-01,新台幣NTD/USD,26.886
1993-12-01,新台幣NTD/USD,26.77
1994-01-01,新台幣NTD/USD,26.478
1994-02-01,新台幣NTD/USD,26.441
1994-03-01,新台幣NTD/USD,26.408
1994-04-01,新台幣NTD/USD,26.392
1994-05-01,新台幣NTD/USD,26.8
1994-06-01,新台幣NTD/USD,27.015
1994-07-01,新台幣NTD/USD,26.645
1994-08-01,新台幣NTD/USD,26.407
1994-09-01,新台幣NTD/USD,26.203
1994-10-01,新台幣NTD/USD,26.126
1994-11-01,新台幣NTD/USD,26.191
1994-12-01,新台幣NTD/USD,26.37
1995-01-01,新台幣NTD/USD,26.305
1995-02-01,新台幣NTD/USD,26.333
1995-03-01,新台幣NTD/USD,26.091
1995-04-01,新台幣NTD/USD,25.417
1995-05-01,新台幣NTD/USD,25.536
1995-06-01,新台幣NTD/USD,25.775
1995-07-01,新台幣NTD/USD,26.249
1995-08-01,新台幣NTD/USD,27.229
1995-09-01,新台幣NTD/USD,27.418
1995-10-01,新台幣NTD/USD,26.915
1995-11-01,新台幣NTD/USD,27.252
1995-12-01,新台幣NTD/USD,27.305
1996-01-01,新台幣NTD/USD,27.408
1996-02-01,新台幣NTD/USD,27.478
1996-03-01,新台幣NTD/USD,27.408
1996-04-01,新台幣NTD/USD,27.173
1996-05-01,新台幣NTD/USD,27.326
1996-06-01,新台幣NTD/USD,27.662
1996-07-01,新台幣NTD/USD,27.557
1996-08-01,新台幣NTD/USD,27.49
1996-09-01,新台幣NTD/USD,27.493
1996-10-01,新台幣NTD/USD,27.508
1996-11-01,新台幣NTD/USD,27.496
1996-12-01,新台幣NTD/USD,27.497
1997-01-01,新台幣NTD/USD,27.451
1997-02-01,新台幣NTD/USD,27.541
1997-03-01,新台幣NTD/USD,27.533
1997-04-01,新台幣NTD/USD,27.61
1997-05-01,新台幣NTD/USD,27.768
1997-06-01,新台幣NTD/USD,27.878
1997-07-01,新台幣NTD/USD,27.976
1997-08-01,新台幣NTD/USD,28.705
1997-09-01,新台幣NTD/USD,28.608
1997-10-01,新台幣NTD/USD,29.4
1997-11-01,新台幣NTD/USD,31.627
1997-12-01,新台幣NTD/USD,32.338
1998-01-01,新台幣NTD/USD,33.85
1998-02-01,新台幣NTD/USD,32.798
1998-03-01,新台幣NTD/USD,32.476
1998-04-01,新台幣NTD/USD,32.976
1998-05-01,新台幣NTD/USD,33.466
1998-06-01,新台幣NTD/USD,34.448
1998-07-01,新台幣NTD/USD,34.364
1998-08-01,新台幣NTD/USD,34.688
1998-09-01,新台幣NTD/USD,34.568
1998-10-01,新台幣NTD/USD,33.022
1998-11-01,新台幣NTD/USD,32.518
1998-12-01,新台幣NTD/USD,32.292
1999-01-01,新台幣NTD/USD,32.248
1999-02-01,新台幣NTD/USD,32.555
1999-03-01,新台幣NTD/USD,33.113
1999-04-01,新台幣NTD/USD,32.893
1999-05-01,新台幣NTD/USD,32.756
1999-06-01,新台幣NTD/USD,32.483
1999-07-01,新台幣NTD/USD,32.273
1999-08-01,新台幣NTD/USD,32
1999-09-01,新台幣NTD/USD,31.801
1999-10-01,新台幣NTD/USD,31.767
1999-11-01,新台幣NTD/USD,31.735
1999-12-01,新台幣NTD/USD,31.612
2000-01-01,新台幣NTD/USD,30.801
2000-02-01,新台幣NTD/USD,30.722
2000-03-01,新台幣NTD/USD,30.699
2000-04-01,新台幣NTD/USD,30.49
2000-05-01,新台幣NTD/USD,30.739
2000-06-01,新台幣NTD/USD,30.808
2000-07-01,新台幣NTD/USD,30.942
2000-08-01,新台幣NTD/USD,31.08
2000-09-01,新台幣NTD/USD,31.193
2000-10-01,新台幣NTD/USD,31.829
2000-11-01,新台幣NTD/USD,32.424
2000-12-01,新台幣NTD/USD,33.084
2001-01-01,新台幣NTD/USD,32.689
2001-02-01,新台幣NTD/USD,32.32
2001-03-01,新台幣NTD/USD,32.587
2001-04-01,新台幣NTD/USD,32.918
2001-05-01,新台幣NTD/USD,33.251
2001-06-01,新台幣NTD/USD,34.271
2001-07-01,新台幣NTD/USD,34.779
2001-08-01,新台幣NTD/USD,34.615
2001-09-01,新台幣NTD/USD,34.587
2001-10-01,新台幣NTD/USD,34.549
2001-11-01,新台幣NTD/USD,34.496
2001-12-01,新台幣NTD/USD,34.695
2002-01-01,新台幣NTD/USD,35.022
2002-02-01,新台幣NTD/USD,35.066
2002-03-01,新台幣NTD/USD,35.018
2002-04-01,新台幣NTD/USD,34.913
2002-05-01,新台幣NTD/USD,34.459
2002-06-01,新台幣NTD/USD,33.988
2002-07-01,新台幣NTD/USD,33.404
2002-08-01,新台幣NTD/USD,33.979
2002-09-01,新台幣NTD/USD,34.589
2002-10-01,新台幣NTD/USD,34.951
2002-11-01,新台幣NTD/USD,34.71
2002-12-01,新台幣NTD/USD,34.848
2003-01-01,新台幣NTD/USD,34.607
2003-02-01,新台幣NTD/USD,34.787
2003-03-01,新台幣NTD/USD,34.723
2003-04-01,新台幣NTD/USD,34.824
2003-05-01,新台幣NTD/USD,34.716
2003-06-01,新台幣NTD/USD,34.623
2003-07-01,新台幣NTD/USD,34.416
2003-08-01,新台幣NTD/USD,34.335
2003-09-01,新台幣NTD/USD,33.996
2003-10-01,新台幣NTD/USD,33.896
2003-11-01,新台幣NTD/USD,34.05
2003-12-01,新台幣NTD/USD,34.058
2004-01-01,新台幣NTD/USD,33.687
2004-02-01,新台幣NTD/USD,33.227
2004-03-01,新台幣NTD/USD,33.306
2004-04-01,新台幣NTD/USD,33.006
2004-05-01,新台幣NTD/USD,33.504
2004-06-01,新台幣NTD/USD,33.643
2004-07-01,新台幣NTD/USD,33.891
2004-08-01,新台幣NTD/USD,34.119
2004-09-01,新台幣NTD/USD,33.92
2004-10-01,新台幣NTD/USD,33.808
2004-11-01,新台幣NTD/USD,32.774
2004-12-01,新台幣NTD/USD,32.226
2005-01-01,新台幣NTD/USD,31.939
2005-02-01,新台幣NTD/USD,31.516
2005-03-01,新台幣NTD/USD,31.164
2005-04-01,新台幣NTD/USD,31.523
2005-05-01,新台幣NTD/USD,31.303
2005-06-01,新台幣NTD/USD,31.371
2005-07-01,新台幣NTD/USD,31.921
2005-08-01,新台幣NTD/USD,32.111
2005-09-01,新台幣NTD/USD,32.924
2005-10-01,新台幣NTD/USD,33.491
2005-11-01,新台幣NTD/USD,33.58
2005-12-01,新台幣NTD/USD,33.299
2006-01-01,新台幣NTD/USD,32.107
2006-02-01,新台幣NTD/USD,32.371
2006-03-01,新台幣NTD/USD,32.489
2006-04-01,新台幣NTD/USD,32.311
2006-05-01,新台幣NTD/USD,31.762
2006-06-01,新台幣NTD/USD,32.48
2006-07-01,新台幣NTD/USD,32.632
2006-08-01,新台幣NTD/USD,32.79
2006-09-01,新台幣NTD/USD,32.907
2006-10-01,新台幣NTD/USD,33.206
2006-11-01,新台幣NTD/USD,32.824
2006-12-01,新台幣NTD/USD,32.523
2007-01-01,新台幣NTD/USD,32.768
2007-02-01,新台幣NTD/USD,32.969
2007-03-01,新台幣NTD/USD,33.012
2007-04-01,新台幣NTD/USD,33.145
2007-05-01,新台幣NTD/USD,33.26
2007-06-01,新台幣NTD/USD,32.932
2007-07-01,新台幣NTD/USD,32.789
2007-08-01,新台幣NTD/USD,32.952
2007-09-01,新台幣NTD/USD,32.984
2007-10-01,新台幣NTD/USD,32.552
2007-11-01,新台幣NTD/USD,32.332
2007-12-01,新台幣NTD/USD,32.417
2008-01-01,新台幣NTD/USD,32.368
2008-02-01,新台幣NTD/USD,31.614
2008-03-01,新台幣NTD/USD,30.604
2008-04-01,新台幣NTD/USD,30.35
2008-05-01,新台幣NTD/USD,30.602
2008-06-01,新台幣NTD/USD,30.366
2008-07-01,新台幣NTD/USD,30.407
2008-08-01,新台幣NTD/USD,31.191
2008-09-01,新台幣NTD/USD,31.957
2008-10-01,新台幣NTD/USD,32.689
2008-11-01,新台幣NTD/USD,33.116
2008-12-01,新台幣NTD/USD,33.146
2009-01-01,新台幣NTD/USD,33.33
2009-02-01,新台幣NTD/USD,34.277
2009-03-01,新台幣NTD/USD,34.34
2009-04-01,新台幣NTD/USD,33.695
2009-05-01,新台幣NTD/USD,32.907
2009-06-01,新台幣NTD/USD,32.792
2009-07-01,新台幣NTD/USD,32.92
2009-08-01,新台幣NTD/USD,32.883
2009-09-01,新台幣NTD/USD,32.588
2009-10-01,新台幣NTD/USD,32.33
2009-11-01,新台幣NTD/USD,32.337
2009-12-01,新台幣NTD/USD,32.279
2010-01-01,新台幣NTD/USD,31.896
2010-02-01,新台幣NTD/USD,32.094
2010-03-01,新台幣NTD/USD,31.877
2010-04-01,新台幣NTD/USD,31.519
2010-05-01,新台幣NTD/USD,31.962
2010-06-01,新台幣NTD/USD,32.307
2010-07-01,新台幣NTD/USD,32.173
2010-08-01,新台幣NTD/USD,31.948
2010-09-01,新台幣NTD/USD,31.778
2010-10-01,新台幣NTD/USD,30.96
2010-11-01,新台幣NTD/USD,30.706
2010-12-01,新台幣NTD/USD,30.549
2011-01-01,新台幣NTD/USD,29.613
2011-02-01,新台幣NTD/USD,29.394
2011-03-01,新台幣NTD/USD,29.529
2011-04-01,新台幣NTD/USD,29.009
2011-05-01,新台幣NTD/USD,28.814
2011-06-01,新台幣NTD/USD,28.873
2011-07-01,新台幣NTD/USD,28.859
2011-08-01,新台幣NTD/USD,28.998
2011-09-01,新台幣NTD/USD,29.745
2011-10-01,新台幣NTD/USD,30.279
2011-11-01,新台幣NTD/USD,30.242
2011-12-01,新台幣NTD/USD,30.272
2012-01-01,新台幣NTD/USD,30.061
2012-02-01,新台幣NTD/USD,29.563
2012-03-01,新台幣NTD/USD,29.546
2012-04-01,新台幣NTD/USD,29.504
2012-05-01,新台幣NTD/USD,29.523
2012-06-01,新台幣NTD/USD,29.948
2012-07-01,新台幣NTD/USD,30.007
2012-08-01,新台幣NTD/USD,29.988
2012-09-01,新台幣NTD/USD,29.608
2012-10-01,新台幣NTD/USD,29.335
2012-11-01,新台幣NTD/USD,29.185
2012-12-01,新台幣NTD/USD,29.119
2013-01-01,新台幣NTD/USD,29.184
2013-02-01,新台幣NTD/USD,29.665
2013-03-01,新台幣NTD/USD,29.798
2013-04-01,新台幣NTD/USD,29.88
2013-05-01,新台幣NTD/USD,29.888
2013-06-01,新台幣NTD/USD,30.089
2013-07-01,新台幣NTD/USD,30.041
2013-08-01,新台幣NTD/USD,30.029
2013-09-01,新台幣NTD/USD,29.782
2013-10-01,新台幣NTD/USD,29.492
2013-11-01,新台幣NTD/USD,29.589
2013-12-01,新台幣NTD/USD,29.813
2014-01-01,新台幣NTD/USD,30.264
2014-02-01,新台幣NTD/USD,30.377
2014-03-01,新台幣NTD/USD,30.446
2014-04-01,新台幣NTD/USD,30.268
2014-05-01,新台幣NTD/USD,30.177
2014-06-01,新台幣NTD/USD,30.043
2014-07-01,新台幣NTD/USD,30
2014-08-01,新台幣NTD/USD,30.037
2014-09-01,新台幣NTD/USD,30.155
2014-10-01,新台幣NTD/USD,30.432
2014-11-01,新台幣NTD/USD,30.793
2014-12-01,新台幣NTD/USD,31.451
2015-01-01,新台幣NTD/USD,31.685
2015-02-01,新台幣NTD/USD,31.566
2015-03-01,新台幣NTD/USD,31.526
2015-04-01,新台幣NTD/USD,31.13
2015-05-01,新台幣NTD/USD,30.717
2015-06-01,新台幣NTD/USD,31.113
2015-07-01,新台幣NTD/USD,31.343
2015-08-01,新台幣NTD/USD,32.387
2015-09-01,新台幣NTD/USD,32.889
2015-10-01,新台幣NTD/USD,32.727
2015-11-01,新台幣NTD/USD,32.802
2015-12-01,新台幣NTD/USD,33.006
2016-01-01,新台幣NTD/USD,33.644
2016-02-01,新台幣NTD/USD,33.552
2016-03-01,新台幣NTD/USD,32.855
2016-04-01,新台幣NTD/USD,32.355
2016-05-01,新台幣NTD/USD,32.573
2016-06-01,新台幣NTD/USD,32.4
2016-07-01,新台幣NTD/USD,32.124
2016-08-01,新台幣NTD/USD,31.577
2016-09-01,新台幣NTD/USD,31.483
2016-10-01,新台幣NTD/USD,31.571
2016-11-01,新台幣NTD/USD,31.758
2016-12-01,新台幣NTD/USD,32.012
2017-01-01,新台幣NTD/USD,31.742
2017-02-01,新台幣NTD/USD,30.898
2017-03-01,新台幣NTD/USD,30.658
2017-04-01,新台幣NTD/USD,30.39
2017-05-01,新台幣NTD/USD,30.156
2017-06-01,新台幣NTD/USD,30.265
2017-07-01,新台幣NTD/USD,30.435
2017-08-01,新台幣NTD/USD,30.263
2017-09-01,新台幣NTD/USD,30.15
2017-10-01,新台幣NTD/USD,30.259
2017-11-01,新台幣NTD/USD,30.11
2017-12-01,新台幣NTD/USD,29.983
2018-01-01,新台幣NTD/USD,29.44
2018-02-01,新台幣NTD/USD,29.308
2018-03-01,新台幣NTD/USD,29.216
2018-04-01,新台幣NTD/USD,29.394
2018-05-01,新台幣NTD/USD,30.08
2018-06-01,新台幣NTD/USD,30.08
2018-07-01,新台幣NTD/USD,30.565
2018-08-01,新台幣NTD/USD,30.729
2018-09-01,新台幣NTD/USD,30.755
